listing_id,property_code,title,address,locality,city,latitude,longitude,bhk,property_type,rent,deposit,maintenance,area_sqft,bathrooms,floor,total_floors,furnishing,parking,gated_community,tenant_preferred,pets_allowed,water_supply,availability,nearest_school_m,nearest_hospital_m,nearest_pharmacy_m,nearest_bus_stop_m,nearest_metro_m,school_access,hospital_access,transit_access,demo_commute_hub,commute_walk_min,commute_transit_min,commute_2w_min,commute_car_min,demo_scenario,source,verification_state,eligible_for_model,is_demo,data_quality_note
DEMO-0001,RIVO-DEMO-0001,2 BHK Independent Floor in Pallikaranai,"93 Park Side Road, Pallikaranai, Chennai",Pallikaranai,Chennai,12.924454,80.204404,2,Independent Floor,12500,100000,800,1040,2,2,2,Semi-Furnished,2W,False,Family/Bachelors,False,Borewell,Available next month,2593,1267,2151,2833,1581,Far,Good,Limited,TIDEL Park,105,40,22,18,budget_far_school,DEMO_SEEDED,DEMO,False,True,Synthetic demo inventory; not a real rental observation.
DEMO-0002,RIVO-DEMO-0002,2 BHK Apartment in Sholinganallur,"40 Park Side Road, Sholinganallur, Chennai",Sholinganallur,Chennai,12.903819,80.239292,2,Apartment,18000,144000,2500,830,2,3,9,Fully Furnished,2W,True,Family/Bachelors,False,Bore + Metro,Available Now,460,2144,2372,2590,5842,Excellent,Good,Limited,TIDEL Park,120,49,29,22,budget_near_school,DEMO_SEEDED,DEMO,False,True,Synthetic demo inventory; not a real rental observation.
DEMO-0003,RIVO-DEMO-0003,2 BHK Independent House in Perungudi,"95 Lake View Road, Perungudi, Chennai",Perungudi,Chennai,12.974773,80.254174,2,Independent House,24000,96000,2000,830,2,1,11,Fully Furnished,2W,True,Family/Bachelors,False,Metro + Bore,Available in 7 days,4227,1944,3044,313,502,Far,Good,Excellent,TIDEL Park,23,15,8,10,mid_near_transit,DEMO_SEEDED,DEMO,False,True,Synthetic demo inventory; not a real rental observation.
DEMO-0004,RIVO-DEMO-0004,1 BHK Independent Floor in Thoraipakkam,"76 School Road, Thoraipakkam, Chennai",Thoraipakkam,Chennai,12.951037,80.235787,1,Independent Floor,15000,30000,2000,520,1,10,12,Semi-Furnished,Car,True,Family,True,Municipal,Available in 15 days,4378,711,221,3975,5200,Far,Excellent,Limited,TIDEL Park,56,21,13,13,premium_near_everything,DEMO_SEEDED,DEMO,False,True,Synthetic demo inventory; not a real rental observation.
DEMO-0005,RIVO-DEMO-0005,3 BHK Independent House in Velachery,"25 School Road, Velachery, Chennai",Velachery,Chennai,12.993301,80.209419,3,Independent House,31000,62000,800,1190,2,3,8,Fully Furnished,2W,True,Any,False,Metro + Bore,Available Now,3355,1475,2438,3263,2993,Far,Good,Limited,TIDEL Park,47,15,11,10,large_family_far_transit,DEMO_SEEDED,DEMO,False,True,Synthetic demo inventory; not a real rental observation.
DEMO-0006,RIVO-DEMO-0006,3 BHK Independent House in Tambaram,"88 School Road, Tambaram, Chennai",Tambaram,Chennai,12.914184,80.111605,3,Independent House,17000,85000,1500,1220,3,5,6,Unfurnished,Car,True,Bachelors,False,Municipal,Available in 15 days,1272,5556,2576,1873,2883,Good,Far,Limited,TIDEL Park,200,62,49,35,compact_near_work,DEMO_SEEDED,DEMO,False,True,Synthetic demo inventory; not a real rental observation.
DEMO-0007,RIVO-DEMO-0007,1 BHK Independent Floor in Chromepet,"38 Lake View Road, Chromepet, Chennai",Chromepet,Chennai,12.955931,80.140625,1,Independent Floor,8000,64000,2500,650,1,6,10,Unfurnished,2W,False,Family,False,Bore + Metro,Available in 15 days,4971,4147,3353,2637,5644,Far,Far,Limited,TIDEL Park,142,43,35,32,unfurnished_low_rent,DEMO_SEEDED,DEMO,False,True,Synthetic demo inventory; not a real rental observation.
DEMO-0008,RIVO-DEMO-0008,3 BHK Independent House in Porur,"88 Tech Park Road, Porur, Chennai",Porur,Chennai,13.039265,80.159221,3,Independent House,26000,130000,1500,1160,3,2,6,Fully Furnished,2W+Car,False,Family,False,Borewell,Available Now,3618,3501,616,3429,1632,Far,Far,Limited,TIDEL Park,130,42,27,32,furnished_high_rent,DEMO_SEEDED,DEMO,False,True,Synthetic demo inventory; not a real rental observation.
DEMO-0009,RIVO-DEMO-0009,3 BHK Independent House in Anna Nagar,"17 Park Side Road, Anna Nagar, Chennai",Anna Nagar,Chennai,13.083609,80.207317,3,Independent House,35500,71000,0,1200,3,3,11,Fully Furnished,2W,False,Family/Bachelors,False,Metro + Bore,Available in 15 days,4424,2839,2767,2529,4224,Far,Good,Limited,TIDEL Park,139,52,34,28,independent_house,DEMO_SEEDED,DEMO,False,True,Synthetic demo inventory; not a real rental observation.
DEMO-0010,RIVO-DEMO-0010,2 BHK Independent Floor in Guindy,"35 Station Road, Guindy, Chennai",Guindy,Chennai,13.006741,80.214385,2,Independent Floor,16500,33000,1500,760,2,5,7,Unfurnished,2W,False,Any,True,Metro + Bore,Available next month,2655,3498,707,2513,5905,Far,Far,Limited,TIDEL Park,47,15,10,11,independent_floor,DEMO_SEEDED,DEMO,False,True,Synthetic demo inventory; not a real rental observation.
DEMO-0011,RIVO-DEMO-0011,3 BHK Independent Floor in Adambakkam,"45 Main Road, Adambakkam, Chennai",Adambakkam,Chennai,12.986854,80.189322,3,Independent Floor,22000,88000,2500,1210,3,5,11,Semi-Furnished,2W,False,Bachelors,True,Municipal,Available in 15 days,3332,5216,832,790,5001,Far,Far,Good,TIDEL Park,72,28,16,14,high_maintenance,DEMO_SEEDED,DEMO,False,True,Synthetic demo inventory; not a real rental observation.
DEMO-0012,RIVO-DEMO-0012,3 BHK Independent House in Medavakkam,"40 Station Road, Medavakkam, Chennai",Medavakkam,Chennai,12.909281,80.187523,3,Independent House,16500,99000,800,1460,2,3,11,Unfurnished,2W,True,Bachelors,False,Bore + Metro,Available Now,2334,2042,1455,4147,4064,Good,Good,Limited,TIDEL Park,134,45,33,26,low_maintenance,DEMO_SEEDED,DEMO,False,True,Synthetic demo inventory; not a real rental observation.
DEMO-0013,RIVO-DEMO-0013,3 BHK Independent House in Saidapet,"84 Canal View Street, Saidapet, Chennai",Saidapet,Chennai,13.016748,80.230063,3,Independent House,27000,54000,2000,1430,3,3,10,Unfurnished,None,True,Family,False,Municipal,Available in 15 days,1718,4199,3064,1464,5331,Good,Far,Good,TIDEL Park,43,15,11,10,no_parking,DEMO_SEEDED,DEMO,False,True,Synthetic demo inventory; not a real rental observation.
DEMO-0014,RIVO-DEMO-0014,2 BHK Apartment in Ambattur,"78 Canal View Street, Ambattur, Chennai",Ambattur,Chennai,13.107283,80.154051,2,Apartment,11500,92000,2500,880,2,3,12,Unfurnished,2W+Car,True,Bachelors,False,Bore + Metro,Available Now,3319,4977,2808,712,2076,Far,Far,Good,TIDEL Park,200,64,49,39,two_wheeler_parking,DEMO_SEEDED,DEMO,False,True,Synthetic demo inventory; not a real rental observation.
DEMO-0015,RIVO-DEMO-0015,2 BHK Apartment in Nanganallur,"11 Lake View Road, Nanganallur, Chennai",Nanganallur,Chennai,12.986115,80.194295,2,Apartment,18500,55500,800,970,1,0,9,Fully Furnished,Car,True,Bachelors,False,Borewell,Available in 15 days,3372,4749,2445,1529,5716,Far,Far,Limited,TIDEL Park,66,28,12,15,car_parking,DEMO_SEEDED,DEMO,False,True,Synthetic demo inventory; not a real rental observation.
DEMO-0016,RIVO-DEMO-0016,3 BHK Independent House in Pallikaranai,"4 Lake View Road, Pallikaranai, Chennai",Pallikaranai,Chennai,12.939621,80.214107,3,Independent House,21500,172000,1500,1110,3,0,3,Semi-Furnished,2W,False,Family,True,Bore + Metro,Available Now,3875,4478,521,3099,4505,Far,Far,Limited,TIDEL Park,81,27,16,20,pet_friendly,DEMO_SEEDED,DEMO,False,True,Synthetic demo inventory; not a real rental observation.
DEMO-0017,RIVO-DEMO-0017,2 BHK Independent House in Sholinganallur,"89 Main Road, Sholinganallur, Chennai",Sholinganallur,Chennai,12.906987,80.229198,2,Independent House,20500,41000,1500,980,2,4,10,Fully Furnished,Car,False,Family,False,Metro + Bore,Available in 15 days,3205,2315,3497,1245,7964,Far,Good,Good,TIDEL Park,117,44,22,25,family_only,DEMO_SEEDED,DEMO,False,True,Synthetic demo inventory; not a real rental observation.
DEMO-0018,RIVO-DEMO-0018,3 BHK Apartment in Perungudi,"65 Park Side Road, Perungudi, Chennai",Perungudi,Chennai,12.978146,80.246666,3,Apartment,31000,93000,2000,1360,2,0,12,Fully Furnished,2W+Car,True,Any,True,Municipal,Available next month,3265,4947,676,1680,5342,Far,Far,Limited,TIDEL Park,16,15,8,10,bachelor_friendly,DEMO_SEEDED,DEMO,False,True,Synthetic demo inventory; not a real rental observation.
DEMO-0019,RIVO-DEMO-0019,4 BHK Independent Floor in Thoraipakkam,"22 Canal View Street, Thoraipakkam, Chennai",Thoraipakkam,Chennai,12.941905,80.232427,4,Independent Floor,35000,140000,800,1760,3,0,12,Unfurnished,2W,False,Family/Bachelors,True,Bore + Metro,Available in 7 days,1538,2316,821,3838,4870,Good,Good,Limited,TIDEL Park,69,25,15,16,quiet_locality,DEMO_SEEDED,DEMO,False,True,Synthetic demo inventory; not a real rental observation.
DEMO-0020,RIVO-DEMO-0020,4 BHK Independent House in Velachery,"78 Tech Park Road, Velachery, Chennai",Velachery,Chennai,12.976691,80.22934,4,Independent House,27500,110000,2500,1880,4,0,6,Semi-Furnished,2W,True,Family,True,Borewell,Available in 15 days,3350,3811,1105,3540,2422,Far,Far,Limited,TIDEL Park,28,15,8,10,transit_poor_but_affordable,DEMO_SEEDED,DEMO,False,True,Synthetic demo inventory; not a real rental observation.
DEMO-0021,RIVO-DEMO-0021,4 BHK Independent Floor in Tambaram,"69 Market Street, Tambaram, Chennai",Tambaram,Chennai,12.917796,80.101219,4,Independent Floor,29500,59000,800,1640,4,2,3,Fully Furnished,2W+Car,True,Any,False,Metro + Bore,Available next month,1697,4083,2385,632,800,Good,Far,Excellent,TIDEL Park,209,79,45,50,transit_rich_premium,DEMO_SEEDED,DEMO,False,True,Synthetic demo inventory; not a real rental observation.
DEMO-0022,RIVO-DEMO-0022,1 BHK Apartment in Chromepet,"72 Main Road, Chromepet, Chennai",Chromepet,Chennai,12.943692,80.148264,1,Apartment,8000,32000,1200,620,1,0,5,Semi-Furnished,2W+Car,True,Family/Bachelors,False,Borewell,Available Now,2737,541,3456,3779,6690,Far,Excellent,Limited,TIDEL Park,140,57,31,32,school_far_hospital_near,DEMO_SEEDED,DEMO,False,True,Synthetic demo inventory; not a real rental observation.
DEMO-0023,RIVO-DEMO-0023,1 BHK Independent Floor in Porur,"60 Park Side Road, Porur, Chennai",Porur,Chennai,13.041698,80.167684,1,Independent Floor,9000,27000,2000,610,1,3,4,Unfurnished,Car,True,Any,True,Bore + Metro,Available in 7 days,831,4518,1176,3653,3706,Excellent,Far,Limited,TIDEL Park,123,39,26,23,school_near_hospital_far,DEMO_SEEDED,DEMO,False,True,Synthetic demo inventory; not a real rental observation.
DEMO-0024,RIVO-DEMO-0024,3 BHK Apartment in Anna Nagar,"32 Garden Avenue, Anna Nagar, Chennai",Anna Nagar,Chennai,13.079136,80.214257,3,Apartment,29000,232000,2500,1320,3,4,6,Unfurnished,Car,False,Family,False,Municipal,Available in 7 days,2362,3027,889,2525,2313,Good,Far,Limited,TIDEL Park,130,46,27,27,all_facilities_far,DEMO_SEEDED,DEMO,False,True,Synthetic demo inventory; not a real rental observation.
DEMO-0025,RIVO-DEMO-0025,2 BHK Independent Floor in Guindy,"32 Park Side Road, Guindy, Chennai",Guindy,Chennai,12.997705,80.21858,2,Independent Floor,16000,64000,800,910,2,2,3,Semi-Furnished,2W,True,Any,False,Municipal,Available Now,1584,5792,1390,3917,6778,Good,Far,Limited,TIDEL Park,37,15,8,10,budget_far_school,DEMO_SEEDED,DEMO,False,True,Synthetic demo inventory; not a real rental observation.
DEMO-0026,RIVO-DEMO-0026,3 BHK Independent House in Adambakkam,"42 Lake Road, Adambakkam, Chennai",Adambakkam,Chennai,12.981454,80.201188,3,Independent House,22500,112500,2000,1230,3,3,8,Fully Furnished,2W,True,Any,False,Municipal,Available next month,754,1268,2016,3529,3869,Excellent,Good,Limited,TIDEL Park,58,21,14,11,budget_near_school,DEMO_SEEDED,DEMO,False,True,Synthetic demo inventory; not a real rental observation.
DEMO-0027,RIVO-DEMO-0027,1 BHK Independent Floor in Medavakkam,"24 Station Road, Medavakkam, Chennai",Medavakkam,Chennai,12.922785,80.200949,1,Independent Floor,10000,80000,2000,500,1,8,8,Fully Furnished,2W,True,Family/Bachelors,False,Municipal,Available in 7 days,3565,4564,2915,365,674,Far,Far,Excellent,TIDEL Park,109,47,25,21,mid_near_transit,DEMO_SEEDED,DEMO,False,True,Synthetic demo inventory; not a real rental observation.
DEMO-0028,RIVO-DEMO-0028,1 BHK Independent House in Saidapet,"95 Greenfield Road, Saidapet, Chennai",Saidapet,Chennai,13.010324,80.211394,1,Independent House,15000,45000,1200,600,1,3,11,Fully Furnished,2W,False,Family,True,Bore + Metro,Available next month,2121,527,589,1081,3664,Good,Excellent,Good,TIDEL Park,53,18,12,11,premium_near_everything,DEMO_SEEDED,DEMO,False,True,Synthetic demo inventory; not a real rental observation.
DEMO-0029,RIVO-DEMO-0029,1 BHK Apartment in Ambattur,"10 Garden Avenue, Ambattur, Chennai",Ambattur,Chennai,13.104542,80.146841,1,Apartment,9000,18000,1200,500,1,0,2,Semi-Furnished,2W,False,Family,False,Metro + Bore,Available next month,4762,2347,1320,3931,5910,Far,Good,Limited,TIDEL Park,203,81,40,48,large_family_far_transit,DEMO_SEEDED,DEMO,False,True,Synthetic demo inventory; not a real rental observation.
DEMO-0030,RIVO-DEMO-0030,2 BHK Independent House in Nanganallur,"89 Park Side Road, Nanganallur, Chennai",Nanganallur,Chennai,12.976277,80.176374,2,Independent House,16000,80000,2000,1010,2,2,2,Unfurnished,2W,False,Any,True,Municipal,Available next month,2969,2878,3494,2296,5647,Far,Good,Limited,TIDEL Park,91,31,22,16,compact_near_work,DEMO_SEEDED,DEMO,False,True,Synthetic demo inventory; not a real rental observation.
DEMO-0031,RIVO-DEMO-0031,5 BHK Independent House in Pallikaranai,"59 Garden Avenue, Pallikaranai, Chennai",Pallikaranai,Chennai,12.928651,80.2112,5,Independent House,33000,165000,1200,1950,5,4,12,Unfurnished,2W,True,Any,True,Bore + Metro,Available in 7 days,4120,2846,2780,1008,3017,Far,Good,Good,TIDEL Park,96,31,22,23,unfurnished_low_rent,DEMO_SEEDED,DEMO,False,True,Synthetic demo inventory; not a real rental observation.
DEMO-0032,RIVO-DEMO-0032,1 BHK Independent House in Sholinganallur,"4 Greenfield Road, Sholinganallur, Chennai",Sholinganallur,Chennai,12.903686,80.229724,1,Independent House,12500,100000,1500,590,1,3,3,Fully Furnished,2W,True,Family,False,Borewell,Available in 7 days,4326,2323,896,2298,2122,Far,Good,Limited,TIDEL Park,121,39,23,29,furnished_high_rent,DEMO_SEEDED,DEMO,False,True,Synthetic demo inventory; not a real rental observation.
DEMO-0033,RIVO-DEMO-0033,3 BHK Independent House in Perungudi,"21 Canal View Street, Perungudi, Chennai",Perungudi,Chennai,12.983264,80.25202,3,Independent House,26500,53000,1500,1460,3,4,4,Unfurnished,2W,True,Family,False,Municipal,Available next month,4629,4699,3156,2425,6309,Far,Far,Limited,TIDEL Park,12,15,8,10,independent_house,DEMO_SEEDED,DEMO,False,True,Synthetic demo inventory; not a real rental observation.
DEMO-0034,RIVO-DEMO-0034,3 BHK Independent Floor in Thoraipakkam,"48 Lake View Road, Thoraipakkam, Chennai",Thoraipakkam,Chennai,12.940415,80.24012,3,Independent Floor,24500,98000,800,1280,3,3,7,Semi-Furnished,2W+Car,True,Bachelors,False,Municipal,Available next month,5199,4625,3397,3137,4452,Far,Far,Limited,TIDEL Park,69,25,13,13,independent_floor,DEMO_SEEDED,DEMO,False,True,Synthetic demo inventory; not a real rental observation.
DEMO-0035,RIVO-DEMO-0035,3 BHK Apartment in Velachery,"15 Park Side Road, Velachery, Chennai",Velachery,Chennai,12.978616,80.227355,3,Apartment,27000,135000,1500,1390,3,0,10,Unfurnished,2W,True,Any,False,Municipal,Available Now,4530,5913,841,2980,7671,Far,Far,Limited,TIDEL Park,29,15,8,10,high_maintenance,DEMO_SEEDED,DEMO,False,True,Synthetic demo inventory; not a real rental observation.
DEMO-0036,RIVO-DEMO-0036,4 BHK Independent Floor in Tambaram,"42 Lake View Road, Tambaram, Chennai",Tambaram,Chennai,12.93056,80.098111,4,Independent Floor,25500,51000,1500,1580,4,5,12,Fully Furnished,2W,False,Family/Bachelors,False,Municipal,Available in 15 days,4456,4378,2046,1551,6467,Far,Far,Limited,TIDEL Park,205,67,50,43,low_maintenance,DEMO_SEEDED,DEMO,False,True,Synthetic demo inventory; not a real rental observation.
DEMO-0037,RIVO-DEMO-0037,3 BHK Independent House in Chromepet,"96 Park Side Road, Chromepet, Chennai",Chromepet,Chennai,12.943962,80.143434,3,Independent House,15500,93000,2000,1460,3,4,9,Unfurnished,None,True,Any,False,Bore + Metro,Available Now,3533,2528,2335,834,3168,Far,Good,Good,TIDEL Park,145,45,26,35,no_parking,DEMO_SEEDED,DEMO,False,True,Synthetic demo inventory; not a real rental observation.
DEMO-0038,RIVO-DEMO-0038,4 BHK Independent Floor in Porur,"31 Lake Road, Porur, Chennai",Porur,Chennai,13.04099,80.157983,4,Independent Floor,33000,198000,1200,1530,4,8,8,Fully Furnished,2W,True,Family,False,Metro + Bore,Available next month,2334,3489,1342,3904,8219,Good,Far,Limited,TIDEL Park,132,57,28,32,two_wheeler_parking,DEMO_SEEDED,DEMO,False,True,Synthetic demo inventory; not a real rental observation.
DEMO-0039,RIVO-DEMO-0039,2 BHK Independent Floor in Anna Nagar,"39 School Road, Anna Nagar, Chennai",Anna Nagar,Chennai,13.074977,80.20114,2,Independent Floor,23500,70500,1200,770,1,1,7,Semi-Furnished,2W,False,Family/Bachelors,False,Borewell,Available next month,2500,5963,2251,1120,7695,Good,Far,Good,TIDEL Park,131,47,25,31,car_parking,DEMO_SEEDED,DEMO,False,True,Synthetic demo inventory; not a real rental observation.
DEMO-0040,RIVO-DEMO-0040,4 BHK Independent House in Guindy,"19 Park Side Road, Guindy, Chennai",Guindy,Chennai,13.014784,80.219022,4,Independent House,31000,62000,800,1910,4,12,12,Unfurnished,2W+Car,False,Family,True,Borewell,Available next month,2261,4179,1225,2510,2926,Good,Far,Limited,TIDEL Park,49,16,9,10,pet_friendly,DEMO_SEEDED,DEMO,False,True,Synthetic demo inventory; not a real rental observation.
DEMO-0041,RIVO-DEMO-0041,2 BHK Apartment in Adambakkam,"42 Temple Street, Adambakkam, Chennai",Adambakkam,Chennai,12.97507,80.206158,2,Apartment,13500,67500,1500,830,2,0,2,Unfurnished,2W+Car,True,Family,False,Metro + Bore,Available in 7 days,4536,4467,2724,1170,5262,Far,Far,Good,TIDEL Park,55,23,13,12,family_only,DEMO_SEEDED,DEMO,False,True,Synthetic demo inventory; not a real rental observation.
DEMO-0042,RIVO-DEMO-0042,2 BHK Independent House in Medavakkam,"9 Temple Street, Medavakkam, Chennai",Medavakkam,Chennai,12.917794,80.196515,2,Independent House,13000,52000,1200,960,1,2,2,Fully Furnished,2W,True,Family/Bachelors,False,Bore + Metro,Available in 15 days,2368,4584,3340,1722,5599,Good,Far,Limited,TIDEL Park,118,37,28,24,bachelor_friendly,DEMO_SEEDED,DEMO,False,True,Synthetic demo inventory; not a real rental observation.
DEMO-0043,RIVO-DEMO-0043,2 BHK Independent House in Saidapet,"81 Tech Park Road, Saidapet, Chennai",Saidapet,Chennai,13.01057,80.213375,2,Independent House,18500,111000,800,880,1,1,5,Fully Furnished,2W+Car,False,Family/Bachelors,False,Municipal,Available Now,1980,1290,2592,1929,5590,Good,Good,Limited,TIDEL Park,51,21,11,11,quiet_locality,DEMO_SEEDED,DEMO,False,True,Synthetic demo inventory; not a real rental observation.
DEMO-0044,RIVO-DEMO-0044,1 BHK Independent House in Ambattur,"95 Canal View Street, Ambattur, Chennai",Ambattur,Chennai,13.118502,80.157831,1,Independent House,8000,64000,800,600,1,0,2,Fully Furnished,Car,False,Bachelors,True,Municipal,Available next month,2343,1267,2672,1179,7851,Good,Good,Good,TIDEL Park,211,81,45,49,transit_poor_but_affordable,DEMO_SEEDED,DEMO,False,True,Synthetic demo inventory; not a real rental observation.
DEMO-0045,RIVO-DEMO-0045,3 BHK Independent House in Nanganallur,"34 Station Road, Nanganallur, Chennai",Nanganallur,Chennai,12.985184,80.192877,3,Independent House,22500,112500,2500,1450,3,6,6,Unfurnished,2W+Car,False,Family/Bachelors,False,Municipal,Available in 15 days,4765,2797,3427,388,656,Far,Good,Excellent,TIDEL Park,68,27,14,12,transit_rich_premium,DEMO_SEEDED,DEMO,False,True,Synthetic demo inventory; not a real rental observation.
DEMO-0046,RIVO-DEMO-0046,5 BHK Apartment in Pallikaranai,"11 Lake Road, Pallikaranai, Chennai",Pallikaranai,Chennai,12.939009,80.205535,5,Apartment,36500,146000,0,2010,5,9,9,Semi-Furnished,2W,False,Family/Bachelors,False,Bore + Metro,Available in 7 days,4563,842,1788,3401,1623,Far,Excellent,Limited,TIDEL Park,88,30,16,20,school_far_hospital_near,DEMO_SEEDED,DEMO,False,True,Synthetic demo inventory; not a real rental observation.
DEMO-0047,RIVO-DEMO-0047,5 BHK Apartment in Sholinganallur,"39 Lake Road, Sholinganallur, Chennai",Sholinganallur,Chennai,12.892864,80.221173,5,Apartment,37500,225000,2000,2120,5,1,6,Semi-Furnished,2W,False,Any,True,Municipal,Available next month,655,5967,2384,2670,8369,Excellent,Far,Limited,TIDEL Park,138,45,33,32,school_near_hospital_far,DEMO_SEEDED,DEMO,False,True,Synthetic demo inventory; not a real rental observation.
DEMO-0048,RIVO-DEMO-0048,3 BHK Independent Floor in Perungudi,"81 Tech Park Road, Perungudi, Chennai",Perungudi,Chennai,12.967425,80.255324,3,Independent Floor,27000,135000,1200,1390,3,3,5,Semi-Furnished,2W,False,Family,True,Municipal,Available Now,3957,5329,3051,1449,5214,Far,Far,Good,TIDEL Park,33,15,8,10,all_facilities_far,DEMO_SEEDED,DEMO,False,True,Synthetic demo inventory; not a real rental observation.
DEMO-0049,RIVO-DEMO-0049,4 BHK Independent House in Thoraipakkam,"89 Station Road, Thoraipakkam, Chennai",Thoraipakkam,Chennai,12.943288,80.236435,4,Independent House,38500,77000,800,1900,3,4,5,Fully Furnished,2W+Car,True,Bachelors,False,Metro + Bore,Available next month,3714,3197,2501,1180,3713,Far,Far,Good,TIDEL Park,66,24,14,13,budget_far_school,DEMO_SEEDED,DEMO,False,True,Synthetic demo inventory; not a real rental observation.
DEMO-0050,RIVO-DEMO-0050,4 BHK Independent House in Velachery,"70 Temple Street, Velachery, Chennai",Velachery,Chennai,12.991877,80.223855,4,Independent House,36000,180000,2000,1850,4,2,2,Semi-Furnished,2W,True,Any,False,Bore + Metro,Available in 15 days,805,4128,1409,2640,4270,Excellent,Far,Limited,TIDEL Park,29,15,8,10,budget_near_school,DEMO_SEEDED,DEMO,False,True,Synthetic demo inventory; not a real rental observation.
DEMO-0051,RIVO-DEMO-0051,2 BHK Independent Floor in Tambaram,"28 Station Road, Tambaram, Chennai",Tambaram,Chennai,12.915653,80.10331,2,Independent Floor,16500,82500,2500,960,2,4,8,Fully Furnished,2W+Car,True,Family,False,Metro + Bore,Available Now,4337,2064,2921,272,428,Far,Good,Excellent,TIDEL Park,208,87,46,46,mid_near_transit,DEMO_SEEDED,DEMO,False,True,Synthetic demo inventory; not a real rental observation.
DEMO-0052,RIVO-DEMO-0052,3 BHK Apartment in Chromepet,"35 Park Side Road, Chromepet, Chennai",Chromepet,Chennai,12.961317,80.157398,3,Apartment,22500,45000,1200,1220,3,1,4,Unfurnished,2W,True,Family,True,Bore + Metro,Available Now,3912,965,311,1867,4561,Far,Excellent,Limited,TIDEL Park,119,47,23,24,premium_near_everything,DEMO_SEEDED,DEMO,False,True,Synthetic demo inventory; not a real rental observation.
DEMO-0053,RIVO-DEMO-0053,3 BHK Apartment in Porur,"11 Tech Park Road, Porur, Chennai",Porur,Chennai,13.033266,80.150713,3,Apartment,28000,56000,0,1320,3,0,10,Fully Furnished,2W,True,Any,True,Borewell,Available in 7 days,2996,4046,1192,1269,5577,Far,Far,Good,TIDEL Park,135,46,28,31,large_family_far_transit,DEMO_SEEDED,DEMO,False,True,Synthetic demo inventory; not a real rental observation.
DEMO-0054,RIVO-DEMO-0054,3 BHK Independent Floor in Anna Nagar,"98 Station Road, Anna Nagar, Chennai",Anna Nagar,Chennai,13.081598,80.217643,3,Independent Floor,29000,58000,0,1170,2,10,10,Semi-Furnished,2W+Car,False,Any,False,Bore + Metro,Available in 7 days,2507,1699,2978,2657,7689,Far,Good,Limited,TIDEL Park,132,52,26,28,compact_near_work,DEMO_SEEDED,DEMO,False,True,Synthetic demo inventory; not a real rental observation.
DEMO-0055,RIVO-DEMO-0055,4 BHK Independent House in Guindy,"87 Park Side Road, Guindy, Chennai",Guindy,Chennai,13.005875,80.231329,4,Independent House,34500,276000,0,1840,4,9,11,Unfurnished,2W,True,Family,False,Metro + Bore,Available Now,3426,1205,1451,2363,2533,Far,Good,Limited,TIDEL Park,29,15,8,10,unfurnished_low_rent,DEMO_SEEDED,DEMO,False,True,Synthetic demo inventory; not a real rental observation.
DEMO-0056,RIVO-DEMO-0056,2 BHK Independent House in Adambakkam,"75 School Road, Adambakkam, Chennai",Adambakkam,Chennai,12.980403,80.212433,2,Independent House,19500,58500,1500,990,2,0,2,Fully Furnished,2W,False,Any,False,Municipal,Available next month,1673,5976,2563,2891,7786,Good,Far,Limited,TIDEL Park,45,15,11,10,furnished_high_rent,DEMO_SEEDED,DEMO,False,True,Synthetic demo inventory; not a real rental observation.
DEMO-0057,RIVO-DEMO-0057,4 BHK Independent House in Medavakkam,"11 Greenfield Road, Medavakkam, Chennai",Medavakkam,Chennai,12.913718,80.203982,4,Independent House,21500,43000,1500,1460,4,2,9,Unfurnished,Car,False,Any,False,Metro + Bore,Available in 15 days,1387,5915,2879,1964,5789,Good,Far,Limited,TIDEL Park,119,48,26,24,independent_house,DEMO_SEEDED,DEMO,False,True,Synthetic demo inventory; not a real rental observation.
DEMO-0058,RIVO-DEMO-0058,1 BHK Independent Floor in Saidapet,"70 Market Street, Saidapet, Chennai",Saidapet,Chennai,13.028048,80.222044,1,Independent Floor,10500,63000,0,540,1,4,9,Semi-Furnished,2W,False,Bachelors,False,Metro + Bore,Available in 7 days,1936,2461,811,3983,7261,Good,Good,Limited,TIDEL Park,61,23,13,11,independent_floor,DEMO_SEEDED,DEMO,False,True,Synthetic demo inventory; not a real rental observation.
DEMO-0059,RIVO-DEMO-0059,1 BHK Independent House in Ambattur,"81 Park Side Road, Ambattur, Chennai",Ambattur,Chennai,13.120816,80.159403,1,Independent House,8000,40000,800,610,1,3,5,Semi-Furnished,Car,True,Bachelors,False,Municipal,Available Now,4529,4094,1788,1461,7993,Far,Far,Good,TIDEL Park,212,82,40,38,high_maintenance,DEMO_SEEDED,DEMO,False,True,Synthetic demo inventory; not a real rental observation.
DEMO-0060,RIVO-DEMO-0060,1 BHK Independent Floor in Nanganallur,"7 Market Street, Nanganallur, Chennai",Nanganallur,Chennai,12.979568,80.183689,1,Independent Floor,14000,70000,800,580,1,6,7,Fully Furnished,Car,False,Any,False,Municipal,Available Now,3027,4689,3370,2048,2737,Far,Far,Limited,TIDEL Park,81,24,20,19,low_maintenance,DEMO_SEEDED,DEMO,False,True,Synthetic demo inventory; not a real rental observation.
DEMO-0061,RIVO-DEMO-0061,3 BHK Independent House in Pallikaranai,"16 Lake Road, Pallikaranai, Chennai",Pallikaranai,Chennai,12.932965,80.21124,3,Independent House,21000,42000,1500,1060,2,0,3,Unfurnished,None,False,Family/Bachelors,False,Metro + Bore,Available Now,1475,5277,2931,1463,4617,Good,Far,Good,TIDEL Park,91,37,17,18,no_parking,DEMO_SEEDED,DEMO,False,True,Synthetic demo inventory; not a real rental observation.
DEMO-0062,RIVO-DEMO-0062,1 BHK Independent House in Sholinganallur,"9 Park Side Road, Sholinganallur, Chennai",Sholinganallur,Chennai,12.896858,80.216008,1,Independent House,12500,37500,2000,630,1,3,8,Semi-Furnished,2W,False,Family,False,Municipal,Available in 7 days,3456,3964,680,2128,6181,Far,Far,Limited,TIDEL Park,135,41,32,24,two_wheeler_parking,DEMO_SEEDED,DEMO,False,True,Synthetic demo inventory; not a real rental observation.
DEMO-0063,RIVO-DEMO-0063,2 BHK Apartment in Perungudi,"77 Market Street, Perungudi, Chennai",Perungudi,Chennai,12.961618,80.238833,2,Apartment,21000,63000,800,930,2,11,11,Semi-Furnished,Car,True,Family,False,Borewell,Available Now,4417,3291,774,1349,5695,Far,Far,Good,TIDEL Park,40,17,8,10,car_parking,DEMO_SEEDED,DEMO,False,True,Synthetic demo inventory; not a real rental observation.
DEMO-0064,RIVO-DEMO-0064,2 BHK Apartment in Thoraipakkam,"52 Canal View Street, Thoraipakkam, Chennai",Thoraipakkam,Chennai,12.944434,80.243558,2,Apartment,17000,102000,2000,830,1,1,12,Semi-Furnished,2W,False,Any,True,Bore + Metro,Available in 15 days,3081,1510,826,3044,2648,Far,Good,Limited,TIDEL Park,63,22,15,14,pet_friendly,DEMO_SEEDED,DEMO,False,True,Synthetic demo inventory; not a real rental observation.
DEMO-0065,RIVO-DEMO-0065,1 BHK Independent House in Velachery,"88 Greenfield Road, Velachery, Chennai",Velachery,Chennai,12.980264,80.207052,1,Independent House,12000,60000,2000,510,1,0,2,Unfurnished,2W,False,Family,True,Metro + Bore,Available Now,3961,5823,1188,3661,2038,Far,Far,Limited,TIDEL Park,52,16,10,12,family_only,DEMO_SEEDED,DEMO,False,True,Synthetic demo inventory; not a real rental observation.
DEMO-0066,RIVO-DEMO-0066,5 BHK Independent Floor in Tambaram,"53 Greenfield Road, Tambaram, Chennai",Tambaram,Chennai,12.913982,80.102426,5,Independent Floor,33000,66000,800,1970,4,4,8,Unfurnished,Car,True,Family/Bachelors,False,Metro + Bore,Available in 7 days,3457,1374,2062,1761,2179,Far,Good,Limited,TIDEL Park,210,75,48,46,bachelor_friendly,DEMO_SEEDED,DEMO,False,True,Synthetic demo inventory; not a real rental observation.
DEMO-0067,RIVO-DEMO-0067,5 BHK Independent House in Chromepet,"69 Main Road, Chromepet, Chennai",Chromepet,Chennai,12.94004,80.151086,5,Independent House,33000,132000,2000,1840,5,0,2,Fully Furnished,Car,False,Bachelors,False,Borewell,Available in 15 days,2135,4596,1865,863,5506,Good,Far,Good,TIDEL Park,139,49,28,31,quiet_locality,DEMO_SEEDED,DEMO,False,True,Synthetic demo inventory; not a real rental observation.
DEMO-0068,RIVO-DEMO-0068,1 BHK Independent Floor in Porur,"79 Main Road, Porur, Chennai",Porur,Chennai,13.026352,80.163958,1,Independent Floor,9000,72000,800,600,1,2,3,Unfurnished,2W+Car,False,Any,False,Municipal,Available in 15 days,4111,4661,2718,3354,8143,Far,Far,Limited,TIDEL Park,116,40,22,28,transit_poor_but_affordable,DEMO_SEEDED,DEMO,False,True,Synthetic demo inventory; not a real rental observation.
DEMO-0069,RIVO-DEMO-0069,4 BHK Apartment in Anna Nagar,"82 Canal View Street, Anna Nagar, Chennai",Anna Nagar,Chennai,13.083127,80.198898,4,Apartment,42000,126000,2500,1480,4,5,12,Unfurnished,Car,True,Bachelors,False,Municipal,Available Now,4062,2411,1821,604,810,Far,Good,Excellent,TIDEL Park,143,48,33,29,transit_rich_premium,DEMO_SEEDED,DEMO,False,True,Synthetic demo inventory; not a real rental observation.
DEMO-0070,RIVO-DEMO-0070,1 BHK Apartment in Guindy,"83 Park Side Road, Guindy, Chennai",Guindy,Chennai,13.000139,80.224752,1,Apartment,14500,29000,1500,630,1,1,4,Unfurnished,2W+Car,False,Family,False,Metro + Bore,Available in 7 days,4149,498,1452,3312,6629,Far,Excellent,Limited,TIDEL Park,31,15,8,10,school_far_hospital_near,DEMO_SEEDED,DEMO,False,True,Synthetic demo inventory; not a real rental observation.
DEMO-0071,RIVO-DEMO-0071,1 BHK Independent Floor in Adambakkam,"61 Lake Road, Adambakkam, Chennai",Adambakkam,Chennai,12.970377,80.193076,1,Independent Floor,11500,46000,1500,520,1,2,6,Fully Furnished,2W+Car,True,Any,False,Borewell,Available in 15 days,627,4184,522,1858,2451,Excellent,Far,Limited,TIDEL Park,73,26,16,17,school_near_hospital_far,DEMO_SEEDED,DEMO,False,True,Synthetic demo inventory; not a real rental observation.
DEMO-0072,RIVO-DEMO-0072,1 BHK Independent Floor in Medavakkam,"7 Greenfield Road, Medavakkam, Chennai",Medavakkam,Chennai,12.92956,80.196053,1,Independent Floor,9500,76000,2500,620,1,4,5,Fully Furnished,Car,True,Family,False,Bore + Metro,Available Now,3448,4183,3160,2669,6099,Far,Far,Limited,TIDEL Park,105,37,20,19,all_facilities_far,DEMO_SEEDED,DEMO,False,True,Synthetic demo inventory; not a real rental observation.
DEMO-0073,RIVO-DEMO-0073,5 BHK Independent Floor in Saidapet,"35 Greenfield Road, Saidapet, Chennai",Saidapet,Chennai,13.013367,80.222417,5,Independent Floor,48500,291000,1500,2120,5,0,7,Fully Furnished,2W+Car,True,Any,False,Metro + Bore,Available next month,4668,3725,2386,2556,4877,Far,Far,Limited,TIDEL Park,45,15,10,10,budget_far_school,DEMO_SEEDED,DEMO,False,True,Synthetic demo inventory; not a real rental observation.
DEMO-0074,RIVO-DEMO-0074,3 BHK Apartment in Ambattur,"89 Market Street, Ambattur, Chennai",Ambattur,Chennai,13.121946,80.161433,3,Apartment,18000,90000,2500,1330,2,8,9,Fully Furnished,2W,False,Family,False,Bore + Metro,Available next month,265,5168,2752,2938,5469,Excellent,Far,Limited,TIDEL Park,212,65,41,53,budget_near_school,DEMO_SEEDED,DEMO,False,True,Synthetic demo inventory; not a real rental observation.
DEMO-0075,RIVO-DEMO-0075,1 BHK Apartment in Nanganallur,"17 School Road, Nanganallur, Chennai",Nanganallur,Chennai,12.989016,80.18342,1,Apartment,10000,50000,2500,500,1,1,4,Unfurnished,2W+Car,False,Bachelors,False,Metro + Bore,Available next month,1630,1575,2617,532,790,Good,Good,Excellent,TIDEL Park,80,27,16,15,mid_near_transit,DEMO_SEEDED,DEMO,False,True,Synthetic demo inventory; not a real rental observation.
DEMO-0076,RIVO-DEMO-0076,3 BHK Apartment in Pallikaranai,"41 Garden Avenue, Pallikaranai, Chennai",Pallikaranai,Chennai,12.934917,80.206091,3,Apartment,22500,112500,2000,1370,3,5,7,Unfurnished,2W,False,Family,True,Borewell,Available next month,3890,617,410,4060,4367,Far,Excellent,Limited,TIDEL Park,92,32,23,19,premium_near_everything,DEMO_SEEDED,DEMO,False,True,Synthetic demo inventory; not a real rental observation.
DEMO-0077,RIVO-DEMO-0077,3 BHK Independent House in Sholinganallur,"67 Park Side Road, Sholinganallur, Chennai",Sholinganallur,Chennai,12.896328,80.234548,3,Independent House,26500,132500,800,1100,3,2,8,Semi-Furnished,Car,True,Family/Bachelors,False,Bore + Metro,Available in 15 days,4274,2340,937,4123,7171,Far,Good,Limited,TIDEL Park,131,45,25,32,large_family_far_transit,DEMO_SEEDED,DEMO,False,True,Synthetic demo inventory; not a real rental observation.
DEMO-0078,RIVO-DEMO-0078,4 BHK Apartment in Perungudi,"94 Tech Park Road, Perungudi, Chennai",Perungudi,Chennai,12.979073,80.249344,4,Apartment,32500,260000,2000,1610,4,2,2,Semi-Furnished,2W+Car,True,Any,True,Municipal,Available in 15 days,1664,4498,3180,4040,3220,Good,Far,Limited,TIDEL Park,15,15,8,10,compact_near_work,DEMO_SEEDED,DEMO,False,True,Synthetic demo inventory; not a real rental observation.
DEMO-0079,RIVO-DEMO-0079,3 BHK Apartment in Thoraipakkam,"93 Temple Street, Thoraipakkam, Chennai",Thoraipakkam,Chennai,12.934837,80.234505,3,Apartment,26500,53000,800,1420,3,9,11,Unfurnished,2W,False,Bachelors,False,Bore + Metro,Available in 7 days,2880,2064,2489,2842,4939,Far,Good,Limited,TIDEL Park,78,24,16,14,unfurnished_low_rent,DEMO_SEEDED,DEMO,False,True,Synthetic demo inventory; not a real rental observation.
DEMO-0080,RIVO-DEMO-0080,1 BHK Independent Floor in Velachery,"70 Garden Avenue, Velachery, Chennai",Velachery,Chennai,12.978446,80.221241,1,Independent Floor,14000,112000,1500,530,1,10,11,Fully Furnished,2W,True,Bachelors,False,Bore + Metro,Available in 15 days,5122,2763,716,942,5618,Far,Good,Good,TIDEL Park,36,15,8,10,furnished_high_rent,DEMO_SEEDED,DEMO,False,True,Synthetic demo inventory; not a real rental observation.
DEMO-0081,RIVO-DEMO-0081,3 BHK Independent House in Tambaram,"84 Temple Street, Tambaram, Chennai",Tambaram,Chennai,12.919797,80.110517,3,Independent House,21000,105000,2500,1150,2,3,7,Semi-Furnished,2W+Car,True,Family,False,Borewell,Available Now,1948,1947,1359,4086,5131,Good,Good,Limited,TIDEL Park,197,70,49,36,independent_house,DEMO_SEEDED,DEMO,False,True,Synthetic demo inventory; not a real rental observation.
DEMO-0082,RIVO-DEMO-0082,3 BHK Independent Floor in Chromepet,"54 School Road, Chromepet, Chennai",Chromepet,Chennai,12.956837,80.145116,3,Independent Floor,18500,74000,1500,1070,3,0,6,Fully Furnished,2W,True,Bachelors,False,Bore + Metro,Available next month,3265,4291,2699,2784,2219,Far,Far,Limited,TIDEL Park,136,42,30,33,independent_floor,DEMO_SEEDED,DEMO,False,True,Synthetic demo inventory; not a real rental observation.
DEMO-0083,RIVO-DEMO-0083,1 BHK Independent Floor in Porur,"7 Station Road, Porur, Chennai",Porur,Chennai,13.037037,80.145895,1,Independent Floor,12500,100000,2500,570,1,11,12,Semi-Furnished,2W,False,Any,False,Municipal,Available in 15 days,4716,2948,1838,2801,7196,Far,Good,Limited,TIDEL Park,143,54,33,32,high_maintenance,DEMO_SEEDED,DEMO,False,True,Synthetic demo inventory; not a real rental observation.
DEMO-0084,RIVO-DEMO-0084,2 BHK Independent Floor in Anna Nagar,"44 Garden Avenue, Anna Nagar, Chennai",Anna Nagar,Chennai,13.09405,80.203962,2,Independent Floor,22000,66000,1500,950,2,7,7,Fully Furnished,2W,True,Family,False,Metro + Bore,Available in 7 days,3488,4692,1012,2415,7098,Far,Far,Limited,TIDEL Park,154,49,34,35,low_maintenance,DEMO_SEEDED,DEMO,False,True,Synthetic demo inventory; not a real rental observation.
DEMO-0085,RIVO-DEMO-0085,3 BHK Apartment in Guindy,"40 Lake Road, Guindy, Chennai",Guindy,Chennai,13.012406,80.21275,3,Apartment,36500,292000,2000,1350,2,0,6,Fully Furnished,None,True,Bachelors,False,Borewell,Available in 7 days,5186,3031,1562,1329,6027,Far,Far,Good,TIDEL Park,53,18,12,10,no_parking,DEMO_SEEDED,DEMO,False,True,Synthetic demo inventory; not a real rental observation.
DEMO-0086,RIVO-DEMO-0086,4 BHK Independent Floor in Adambakkam,"10 Lake View Road, Adambakkam, Chennai",Adambakkam,Chennai,12.973344,80.206463,4,Independent Floor,25000,75000,2500,1880,4,0,6,Unfurnished,2W,False,Any,True,Municipal,Available in 7 days,4415,4011,2194,1327,7583,Far,Far,Good,TIDEL Park,56,18,10,12,two_wheeler_parking,DEMO_SEEDED,DEMO,False,True,Synthetic demo inventory; not a real rental observation.
DEMO-0087,RIVO-DEMO-0087,2 BHK Independent Floor in Medavakkam,"18 Main Road, Medavakkam, Chennai",Medavakkam,Chennai,12.922923,80.188028,2,Independent Floor,13500,81000,800,960,2,1,4,Fully Furnished,2W+Car,False,Any,False,Municipal,Available Now,1363,4599,1911,3437,7413,Good,Far,Limited,TIDEL Park,119,49,25,24,car_parking,DEMO_SEEDED,DEMO,False,True,Synthetic demo inventory; not a real rental observation.
DEMO-0088,RIVO-DEMO-0088,1 BHK Independent Floor in Saidapet,"85 Park Side Road, Saidapet, Chennai",Saidapet,Chennai,13.017076,80.224728,1,Independent Floor,11500,46000,2500,510,1,5,5,Unfurnished,Car,True,Family/Bachelors,True,Borewell,Available in 7 days,2422,2284,3233,2339,4783,Good,Good,Limited,TIDEL Park,47,19,8,10,pet_friendly,DEMO_SEEDED,DEMO,False,True,Synthetic demo inventory; not a real rental observation.
DEMO-0089,RIVO-DEMO-0089,2 BHK Apartment in Ambattur,"59 Garden Avenue, Ambattur, Chennai",Ambattur,Chennai,13.119082,80.155438,2,Apartment,12000,60000,0,890,2,12,12,Semi-Furnished,2W,True,Family,False,Metro + Bore,Available Now,2996,4880,3097,1380,3475,Far,Far,Good,TIDEL Park,213,83,45,39,family_only,DEMO_SEEDED,DEMO,False,True,Synthetic demo inventory; not a real rental observation.
DEMO-0090,RIVO-DEMO-0090,4 BHK Apartment in Nanganallur,"14 Market Street, Nanganallur, Chennai",Nanganallur,Chennai,12.97138,80.194866,4,Apartment,26500,132500,2500,1610,4,1,6,Semi-Furnished,2W+Car,True,Any,True,Bore + Metro,Available Now,2965,3154,1631,2567,8301,Far,Far,Limited,TIDEL Park,70,22,17,17,bachelor_friendly,DEMO_SEEDED,DEMO,False,True,Synthetic demo inventory; not a real rental observation.
DEMO-0091,RIVO-DEMO-0091,3 BHK Independent House in Pallikaranai,"96 Greenfield Road, Pallikaranai, Chennai",Pallikaranai,Chennai,12.944149,80.222221,3,Independent House,22000,176000,1500,1060,2,6,9,Semi-Furnished,2W,False,Family,False,Metro + Bore,Available in 15 days,1205,4591,731,2038,6937,Good,Far,Limited,TIDEL Park,70,23,15,12,quiet_locality,DEMO_SEEDED,DEMO,False,True,Synthetic demo inventory; not a real rental observation.
DEMO-0092,RIVO-DEMO-0092,1 BHK Independent Floor in Sholinganallur,"65 Lake Road, Sholinganallur, Chennai",Sholinganallur,Chennai,12.903211,80.235922,1,Independent Floor,11500,46000,1200,520,1,3,12,Fully Furnished,2W+Car,True,Any,True,Municipal,Available in 15 days,5021,3590,1885,2038,6257,Far,Far,Limited,TIDEL Park,121,40,24,23,transit_poor_but_affordable,DEMO_SEEDED,DEMO,False,True,Synthetic demo inventory; not a real rental observation.
DEMO-0093,RIVO-DEMO-0093,2 BHK Independent House in Perungudi,"13 Park Side Road, Perungudi, Chennai",Perungudi,Chennai,12.968209,80.242547,2,Independent House,23000,92000,1500,850,2,2,3,Unfurnished,Car,True,Family/Bachelors,False,Metro + Bore,Available in 7 days,3903,3268,1291,483,521,Far,Far,Excellent,TIDEL Park,31,15,8,10,transit_rich_premium,DEMO_SEEDED,DEMO,False,True,Synthetic demo inventory; not a real rental observation.
DEMO-0094,RIVO-DEMO-0094,2 BHK Independent House in Thoraipakkam,"84 Lake View Road, Thoraipakkam, Chennai",Thoraipakkam,Chennai,12.946689,80.246524,2,Independent House,23000,69000,2500,1020,2,6,6,Fully Furnished,Car,True,Bachelors,True,Metro + Bore,Available in 15 days,4384,995,3392,3447,4701,Far,Excellent,Limited,TIDEL Park,60,19,14,15,school_far_hospital_near,DEMO_SEEDED,DEMO,False,True,Synthetic demo inventory; not a real rental observation.
DEMO-0095,RIVO-DEMO-0095,3 BHK Independent House in Velachery,"26 Lake Road, Velachery, Chennai",Velachery,Chennai,12.991255,80.225118,3,Independent House,27000,108000,0,1360,3,2,7,Fully Furnished,2W+Car,False,Family/Bachelors,False,Municipal,Available Now,277,2894,935,2335,7271,Excellent,Good,Limited,TIDEL Park,27,15,8,10,school_near_hospital_far,DEMO_SEEDED,DEMO,False,True,Synthetic demo inventory; not a real rental observation.
DEMO-0096,RIVO-DEMO-0096,3 BHK Apartment in Tambaram,"35 Park Side Road, Tambaram, Chennai",Tambaram,Chennai,12.933793,80.098862,3,Apartment,17000,102000,800,1350,3,0,3,Fully Furnished,2W,False,Family,False,Borewell,Available in 15 days,5072,5238,925,2291,1953,Far,Far,Limited,TIDEL Park,202,65,45,49,all_facilities_far,DEMO_SEEDED,DEMO,False,True,Synthetic demo inventory; not a real rental observation.
DEMO-0097,RIVO-DEMO-0097,3 BHK Independent House in Chromepet,"5 Temple Street, Chromepet, Chennai",Chromepet,Chennai,12.956057,80.137444,3,Independent House,12500,50000,800,1030,3,1,4,Unfurnished,2W,False,Family/Bachelors,False,Municipal,Available in 7 days,2433,3748,2414,1855,2812,Good,Far,Limited,TIDEL Park,145,46,29,31,budget_far_school,DEMO_SEEDED,DEMO,False,True,Synthetic demo inventory; not a real rental observation.
DEMO-0098,RIVO-DEMO-0098,3 BHK Apartment in Porur,"281 Park Side Road, Porur, Chennai",Porur,Chennai,13.046283,80.161177,3,Apartment,26000,156000,2000,1360,3,1,5,Fully Furnished,2W+Car,False,Bachelors,False,Bore + Metro,Available next month,616,5020,696,3647,2081,Excellent,Far,Limited,TIDEL Park,133,42,33,29,budget_near_school,DEMO_SEEDED,DEMO,False,True,Synthetic demo inventory; not a real rental observation.
DEMO-0099,RIVO-DEMO-0099,5 BHK Independent House in Anna Nagar,"46 Lake View Road, Anna Nagar, Chennai",Anna Nagar,Chennai,13.085,80.199552,5,Independent House,65000,325000,800,2440,5,2,2,Fully Furnished,2W,False,Family,False,Bore + Metro,Available next month,4877,2660,1866,587,579,Far,Good,Excellent,TIDEL Park,145,49,30,28,mid_near_transit,DEMO_SEEDED,DEMO,False,True,Synthetic demo inventory; not a real rental observation.
DEMO-0100,RIVO-DEMO-0100,4 BHK Independent House in Guindy,"72 Lake Road, Guindy, Chennai",Guindy,Chennai,13.008489,80.221543,4,Independent House,47500,237500,2000,1440,4,2,3,Semi-Furnished,2W,False,Family,True,Borewell,Available next month,4676,761,687,2783,7965,Far,Excellent,Limited,TIDEL Park,41,16,10,10,premium_near_everything,DEMO_SEEDED,DEMO,False,True,Synthetic demo inventory; not a real rental observation.
DEMO-0101,RIVO-DEMO-0101,2 BHK Apartment in Adambakkam,"48 Greenfield Road, Adambakkam, Chennai",Adambakkam,Chennai,12.982606,80.211578,2,Apartment,19500,156000,1500,960,2,4,7,Fully Furnished,Car,True,Any,False,Municipal,Available in 15 days,2315,1349,1436,3884,1837,Good,Good,Limited,TIDEL Park,45,15,10,10,large_family_far_transit,DEMO_SEEDED,DEMO,False,True,Synthetic demo inventory; not a real rental observation.
DEMO-0102,RIVO-DEMO-0102,2 BHK Apartment in Medavakkam,"1 Garden Avenue, Medavakkam, Chennai",Medavakkam,Chennai,12.922441,80.188014,2,Apartment,17000,68000,1200,900,2,1,4,Fully Furnished,2W,True,Family,True,Borewell,Available next month,2093,1744,2150,2964,7253,Good,Good,Limited,TIDEL Park,119,50,29,21,compact_near_work,DEMO_SEEDED,DEMO,False,True,Synthetic demo inventory; not a real rental observation.
DEMO-0103,RIVO-DEMO-0103,2 BHK Independent House in Saidapet,"5 Canal View Street, Saidapet, Chennai",Saidapet,Chennai,13.01195,80.211393,2,Independent House,17000,85000,0,1040,2,3,12,Unfurnished,2W,True,Family/Bachelors,False,Bore + Metro,Available in 15 days,2991,1527,3384,3314,7339,Far,Good,Limited,TIDEL Park,54,18,13,11,unfurnished_low_rent,DEMO_SEEDED,DEMO,False,True,Synthetic demo inventory; not a real rental observation.
DEMO-0104,RIVO-DEMO-0104,3 BHK Independent Floor in Ambattur,"43 Temple Street, Ambattur, Chennai",Ambattur,Chennai,13.109911,80.155597,3,Independent Floor,20000,100000,1500,1210,3,5,5,Fully Furnished,Car,True,Family/Bachelors,False,Bore + Metro,Available in 7 days,3788,2620,2190,3699,4538,Far,Good,Limited,TIDEL Park,202,87,38,45,furnished_high_rent,DEMO_SEEDED,DEMO,False,True,Synthetic demo inventory; not a real rental observation.
DEMO-0105,RIVO-DEMO-0105,4 BHK Independent House in Nanganallur,"55 Temple Street, Nanganallur, Chennai",Nanganallur,Chennai,12.981396,80.18368,4,Independent House,39500,197500,1200,1400,4,5,6,Fully Furnished,2W,False,Family,False,Municipal,Available next month,1688,5439,2126,754,8253,Good,Far,Good,TIDEL Park,80,34,18,18,independent_house,DEMO_SEEDED,DEMO,False,True,Synthetic demo inventory; not a real rental observation.
DEMO-0106,RIVO-DEMO-0106,5 BHK Independent Floor in Pallikaranai,"8 Greenfield Road, Pallikaranai, Chennai",Pallikaranai,Chennai,12.930242,80.211268,5,Independent Floor,27000,108000,1500,2160,5,5,9,Unfurnished,2W+Car,False,Bachelors,False,Bore + Metro,Available in 15 days,2365,2776,1317,2229,4342,Good,Good,Limited,TIDEL Park,94,39,18,16,independent_floor,DEMO_SEEDED,DEMO,False,True,Synthetic demo inventory; not a real rental observation.
DEMO-0107,RIVO-DEMO-0107,3 BHK Independent Floor in Sholinganallur,"23 Lake Road, Sholinganallur, Chennai",Sholinganallur,Chennai,12.892891,80.239854,3,Independent Floor,20000,120000,2500,1050,2,5,12,Semi-Furnished,2W,True,Family,True,Metro + Bore,Available next month,3746,5800,3130,2095,5574,Far,Far,Limited,TIDEL Park,135,45,34,27,high_maintenance,DEMO_SEEDED,DEMO,False,True,Synthetic demo inventory; not a real rental observation.
DEMO-0108,RIVO-DEMO-0108,2 BHK Independent Floor in Perungudi,"61 Lake View Road, Perungudi, Chennai",Perungudi,Chennai,12.975267,80.25894,2,Independent Floor,21000,63000,1500,790,1,2,9,Semi-Furnished,2W,True,Family,False,Metro + Bore,Available in 15 days,3390,2729,803,1379,7419,Far,Good,Good,TIDEL Park,26,15,8,10,low_maintenance,DEMO_SEEDED,DEMO,False,True,Synthetic demo inventory; not a real rental observation.
DEMO-0109,RIVO-DEMO-0109,2 BHK Independent House in Thoraipakkam,"13 Lake View Road, Thoraipakkam, Chennai",Thoraipakkam,Chennai,12.946616,80.226891,2,Independent House,17000,85000,0,920,2,0,4,Semi-Furnished,None,False,Family,False,Borewell,Available in 15 days,4235,2411,1786,3061,4755,Far,Good,Limited,TIDEL Park,65,26,12,13,no_parking,DEMO_SEEDED,DEMO,False,True,Synthetic demo inventory; not a real rental observation.
DEMO-0110,RIVO-DEMO-0110,2 BHK Independent Floor in Velachery,"36 Main Road, Velachery, Chennai",Velachery,Chennai,12.986988,80.209768,2,Independent Floor,18000,72000,1200,960,2,5,9,Fully Furnished,2W+Car,True,Bachelors,False,Municipal,Available in 7 days,2865,2846,1727,1139,3820,Far,Good,Good,TIDEL Park,47,18,10,11,two_wheeler_parking,DEMO_SEEDED,DEMO,False,True,Synthetic demo inventory; not a real rental observation.
DEMO-0111,RIVO-DEMO-0111,2 BHK Independent Floor in Tambaram,"10 Temple Street, Tambaram, Chennai",Tambaram,Chennai,12.92838,80.100717,2,Independent Floor,15500,62000,2000,940,2,0,11,Fully Furnished,2W,False,Bachelors,False,Municipal,Available in 7 days,1930,2514,1320,3679,8127,Good,Good,Limited,TIDEL Park,203,68,43,37,car_parking,DEMO_SEEDED,DEMO,False,True,Synthetic demo inventory; not a real rental observation.
DEMO-0112,RIVO-DEMO-0112,1 BHK Apartment in Chromepet,"72 Temple Street, Chromepet, Chennai",Chromepet,Chennai,12.951148,80.134907,1,Apartment,9000,45000,800,560,1,1,2,Semi-Furnished,Car,False,Family,True,Municipal,Available Now,1816,3181,2553,4129,7713,Good,Far,Limited,TIDEL Park,151,64,37,32,pet_friendly,DEMO_SEEDED,DEMO,False,True,Synthetic demo inventory; not a real rental observation.
DEMO-0113,RIVO-DEMO-0113,4 BHK Independent Floor in Porur,"79 Park Side Road, Porur, Chennai",Porur,Chennai,13.026535,80.15541,4,Independent Floor,35000,280000,1200,1370,3,0,2,Semi-Furnished,Car,True,Family,False,Metro + Bore,Available Now,3952,3274,3130,2728,5429,Far,Far,Limited,TIDEL Park,126,42,29,23,family_only,DEMO_SEEDED,DEMO,False,True,Synthetic demo inventory; not a real rental observation.
DEMO-0114,RIVO-DEMO-0114,4 BHK Independent Floor in Anna Nagar,"591 Station Road, Anna Nagar, Chennai",Anna Nagar,Chennai,13.0739,80.206906,4,Independent Floor,51000,408000,2500,1940,4,2,2,Fully Furnished,2W+Car,False,Bachelors,False,Bore + Metro,Available Now,1821,3633,1242,1811,2918,Good,Far,Limited,TIDEL Park,127,49,24,28,bachelor_friendly,DEMO_SEEDED,DEMO,False,True,Synthetic demo inventory; not a real rental observation.
DEMO-0115,RIVO-DEMO-0115,4 BHK Apartment in Guindy,"64 Garden Avenue, Guindy, Chennai",Guindy,Chennai,12.997157,80.215729,4,Apartment,37500,75000,0,1840,4,2,7,Semi-Furnished,2W,True,Any,True,Bore + Metro,Available in 7 days,3703,3811,1696,3130,4024,Far,Far,Limited,TIDEL Park,40,15,8,10,quiet_locality,DEMO_SEEDED,DEMO,False,True,Synthetic demo inventory; not a real rental observation.
DEMO-0116,RIVO-DEMO-0116,3 BHK Independent House in Adambakkam,"71 Canal View Street, Adambakkam, Chennai",Adambakkam,Chennai,12.977529,80.210843,3,Independent House,23500,188000,2000,1070,3,0,3,Fully Furnished,2W+Car,True,Family/Bachelors,False,Municipal,Available in 7 days,4715,5295,3479,1265,8061,Far,Far,Good,TIDEL Park,48,18,11,10,transit_poor_but_affordable,DEMO_SEEDED,DEMO,False,True,Synthetic demo inventory; not a real rental observation.
DEMO-0117,RIVO-DEMO-0117,3 BHK Independent House in Medavakkam,"6 Tech Park Road, Medavakkam, Chennai",Medavakkam,Chennai,12.907399,80.201468,3,Independent House,17500,35000,1200,1240,3,1,2,Unfurnished,2W,True,Family,False,Borewell,Available in 7 days,4681,4261,2320,242,1030,Far,Far,Excellent,TIDEL Park,128,39,27,22,transit_rich_premium,DEMO_SEEDED,DEMO,False,True,Synthetic demo inventory; not a real rental observation.
DEMO-0118,RIVO-DEMO-0118,3 BHK Independent Floor in Saidapet,"68 Tech Park Road, Saidapet, Chennai",Saidapet,Chennai,13.016989,80.212494,3,Independent Floor,34000,136000,2500,1090,3,7,10,Fully Furnished,2W+Car,False,Family,False,Bore + Metro,Available Now,3858,807,3272,2269,5041,Far,Excellent,Limited,TIDEL Park,57,24,11,11,school_far_hospital_near,DEMO_SEEDED,DEMO,False,True,Synthetic demo inventory; not a real rental observation.
DEMO-0119,RIVO-DEMO-0119,4 BHK Independent House in Ambattur,"73 Temple Street, Ambattur, Chennai",Ambattur,Chennai,13.122753,80.150567,4,Independent House,21500,107500,0,1700,4,9,9,Unfurnished,2W+Car,False,Family,False,Municipal,Available next month,796,2214,2066,3013,7484,Excellent,Good,Limited,TIDEL Park,221,74,41,54,school_near_hospital_far,DEMO_SEEDED,DEMO,False,True,Synthetic demo inventory; not a real rental observation.
DEMO-0120,RIVO-DEMO-0120,1 BHK Independent House in Nanganallur,"76 Station Road, Nanganallur, Chennai",Nanganallur,Chennai,12.980346,80.190184,1,Independent House,8500,68000,1500,490,1,6,12,Semi-Furnished,2W,True,Family/Bachelors,True,Metro + Bore,Available Now,4297,3687,3323,2275,4060,Far,Far,Limited,TIDEL Park,72,22,17,18,all_facilities_far,DEMO_SEEDED,DEMO,False,True,Synthetic demo inventory; not a real rental observation.
DEMO-0121,RIVO-DEMO-0121,1 BHK Apartment in Pallikaranai,"40 Temple Street, Pallikaranai, Chennai",Pallikaranai,Chennai,12.945396,80.205222,1,Apartment,10500,52500,1500,570,1,3,11,Fully Furnished,Car,True,Family/Bachelors,False,Bore + Metro,Available next month,1791,4932,2613,2750,6037,Good,Far,Limited,TIDEL Park,81,33,19,16,budget_far_school,DEMO_SEEDED,DEMO,False,True,Synthetic demo inventory; not a real rental observation.
DEMO-0122,RIVO-DEMO-0122,5 BHK Independent Floor in Sholinganallur,"68 Main Road, Sholinganallur, Chennai",Sholinganallur,Chennai,12.897598,80.232196,5,Independent Floor,33500,134000,0,1830,5,3,3,Unfurnished,2W,True,Bachelors,True,Borewell,Available next month,752,4607,1206,3049,3329,Excellent,Far,Limited,TIDEL Park,129,52,29,28,budget_near_school,DEMO_SEEDED,DEMO,False,True,Synthetic demo inventory; not a real rental observation.
DEMO-0123,RIVO-DEMO-0123,2 BHK Independent House in Perungudi,"85 Temple Street, Perungudi, Chennai",Perungudi,Chennai,12.970224,80.242118,2,Independent House,21500,64500,1500,800,2,1,7,Semi-Furnished,Car,True,Bachelors,False,Bore + Metro,Available next month,4749,5056,2547,436,826,Far,Far,Excellent,TIDEL Park,28,15,8,10,mid_near_transit,DEMO_SEEDED,DEMO,False,True,Synthetic demo inventory; not a real rental observation.
DEMO-0124,RIVO-DEMO-0124,2 BHK Independent Floor in Thoraipakkam,"27 Temple Street, Thoraipakkam, Chennai",Thoraipakkam,Chennai,12.948942,80.245076,2,Independent Floor,20500,82000,800,1060,1,1,11,Unfurnished,2W+Car,False,Bachelors,True,Bore + Metro,Available in 15 days,2389,694,616,2201,5898,Good,Excellent,Limited,TIDEL Park,57,18,13,14,premium_near_everything,DEMO_SEEDED,DEMO,False,True,Synthetic demo inventory; not a real rental observation.
DEMO-0125,RIVO-DEMO-0125,1 BHK Apartment in Velachery,"53 Main Road, Velachery, Chennai",Velachery,Chennai,12.970321,80.207924,1,Apartment,14500,116000,2500,580,1,10,11,Fully Furnished,2W+Car,True,Family/Bachelors,False,Metro + Bore,Available in 15 days,3372,3809,2665,1937,4504,Far,Far,Limited,TIDEL Park,56,21,14,11,large_family_far_transit,DEMO_SEEDED,DEMO,False,True,Synthetic demo inventory; not a real rental observation.
DEMO-0126,RIVO-DEMO-0126,3 BHK Independent House in Tambaram,"60 Market Street, Tambaram, Chennai",Tambaram,Chennai,12.925464,80.103978,3,Independent House,24000,144000,0,1410,3,2,3,Fully Furnished,2W,False,Family,False,Municipal,Available in 15 days,4895,2939,3261,2121,2190,Far,Good,Limited,TIDEL Park,201,84,43,40,compact_near_work,DEMO_SEEDED,DEMO,False,True,Synthetic demo inventory; not a real rental observation.
DEMO-0127,RIVO-DEMO-0127,4 BHK Independent Floor in Chromepet,"46 Lake Road, Chromepet, Chennai",Chromepet,Chennai,12.961119,80.14838,4,Independent Floor,23500,188000,0,1470,3,3,8,Unfurnished,2W+Car,False,Any,False,Bore + Metro,Available next month,3892,4043,1085,3715,4273,Far,Far,Limited,TIDEL Park,130,52,32,28,unfurnished_low_rent,DEMO_SEEDED,DEMO,False,True,Synthetic demo inventory; not a real rental observation.
DEMO-0128,RIVO-DEMO-0128,5 BHK Independent Floor in Porur,"37 Garden Avenue, Porur, Chennai",Porur,Chennai,13.036379,80.151494,5,Independent Floor,46000,138000,1500,2590,5,0,10,Fully Furnished,Car,True,Family/Bachelors,False,Municipal,Available Now,5045,4606,2461,4159,5719,Far,Far,Limited,TIDEL Park,136,49,31,28,furnished_high_rent,DEMO_SEEDED,DEMO,False,True,Synthetic demo inventory; not a real rental observation.
DEMO-0129,RIVO-DEMO-0129,3 BHK Independent House in Anna Nagar,"84 Temple Street, Anna Nagar, Chennai",Anna Nagar,Chennai,13.081202,80.213798,3,Independent House,33500,201000,1200,1140,3,12,12,Semi-Furnished,2W+Car,False,Any,False,Borewell,Available Now,3078,3747,3059,3819,5439,Far,Far,Limited,TIDEL Park,133,45,31,31,independent_house,DEMO_SEEDED,DEMO,False,True,Synthetic demo inventory; not a real rental observation.
DEMO-0130,RIVO-DEMO-0130,4 BHK Independent Floor in Guindy,"33 Temple Street, Guindy, Chennai",Guindy,Chennai,13.009981,80.215258,4,Independent Floor,43000,129000,2500,1750,4,4,11,Semi-Furnished,2W,False,Bachelors,True,Bore + Metro,Available in 15 days,4606,4720,1419,3889,2289,Far,Far,Limited,TIDEL Park,48,19,12,10,independent_floor,DEMO_SEEDED,DEMO,False,True,Synthetic demo inventory; not a real rental observation.
DEMO-0131,RIVO-DEMO-0131,3 BHK Apartment in Adambakkam,"86 Lake View Road, Adambakkam, Chennai",Adambakkam,Chennai,12.981899,80.198348,3,Apartment,28000,140000,2500,1060,3,4,6,Fully Furnished,2W+Car,False,Bachelors,False,Municipal,Available in 15 days,4132,2130,950,4087,3131,Far,Good,Limited,TIDEL Park,62,23,13,12,high_maintenance,DEMO_SEEDED,DEMO,False,True,Synthetic demo inventory; not a real rental observation.
DEMO-0132,RIVO-DEMO-0132,3 BHK Independent Floor in Medavakkam,"63 Lake Road, Medavakkam, Chennai",Medavakkam,Chennai,12.926063,80.185923,3,Independent Floor,18500,74000,800,1350,3,2,7,Semi-Furnished,Car,True,Bachelors,True,Bore + Metro,Available Now,5010,3198,3233,718,4516,Far,Far,Good,TIDEL Park,117,44,24,27,low_maintenance,DEMO_SEEDED,DEMO,False,True,Synthetic demo inventory; not a real rental observation.
DEMO-0133,RIVO-DEMO-0133,1 BHK Independent House in Saidapet,"63 Park Side Road, Saidapet, Chennai",Saidapet,Chennai,13.010103,80.214252,1,Independent House,12500,50000,2000,610,1,1,10,Unfurnished,None,False,Family,False,Metro + Bore,Available in 7 days,1695,2749,2332,2479,5891,Good,Good,Limited,TIDEL Park,49,21,10,10,no_parking,DEMO_SEEDED,DEMO,False,True,Synthetic demo inventory; not a real rental observation.
DEMO-0134,RIVO-DEMO-0134,2 BHK Apartment in Ambattur,"21 Park Side Road, Ambattur, Chennai",Ambattur,Chennai,13.113495,80.146278,2,Apartment,11000,66000,1200,890,2,6,9,Unfurnished,2W,False,Bachelors,True,Municipal,Available next month,4401,3982,2492,3328,5921,Far,Far,Limited,TIDEL Park,213,65,39,45,two_wheeler_parking,DEMO_SEEDED,DEMO,False,True,Synthetic demo inventory; not a real rental observation.
DEMO-0135,RIVO-DEMO-0135,1 BHK Independent House in Nanganallur,"85 Greenfield Road, Nanganallur, Chennai",Nanganallur,Chennai,12.989891,80.188379,1,Independent House,10500,63000,2000,530,1,3,5,Semi-Furnished,2W+Car,True,Family,False,Municipal,Available in 7 days,1753,2756,1608,2075,6116,Good,Good,Limited,TIDEL Park,73,30,16,16,car_parking,DEMO_SEEDED,DEMO,False,True,Synthetic demo inventory; not a real rental observation.
DEMO-0136,RIVO-DEMO-0136,4 BHK Independent House in Pallikaranai,"44 Tech Park Road, Pallikaranai, Chennai",Pallikaranai,Chennai,12.937821,80.209557,4,Independent House,24000,144000,1200,1580,4,0,6,Unfurnished,2W,False,Bachelors,True,Municipal,Available in 7 days,3713,1548,1297,3588,3192,Far,Good,Limited,TIDEL Park,86,32,16,15,pet_friendly,DEMO_SEEDED,DEMO,False,True,Synthetic demo inventory; not a real rental observation.
DEMO-0137,RIVO-DEMO-0137,1 BHK Independent Floor in Sholinganallur,"74 Temple Street, Sholinganallur, Chennai",Sholinganallur,Chennai,12.894264,80.224294,1,Independent Floor,11500,69000,2500,560,1,4,4,Semi-Furnished,2W,True,Family,False,Borewell,Available Now,2734,3999,2235,753,7779,Far,Far,Good,TIDEL Park,136,49,26,31,family_only,DEMO_SEEDED,DEMO,False,True,Synthetic demo inventory; not a real rental observation.
DEMO-0138,RIVO-DEMO-0138,2 BHK Apartment in Perungudi,"12 Lake Road, Perungudi, Chennai",Perungudi,Chennai,12.969677,80.254375,2,Apartment,21500,107500,2000,1050,2,1,2,Semi-Furnished,2W,True,Family/Bachelors,False,Metro + Bore,Available Now,4826,4978,1780,2669,5228,Far,Far,Limited,TIDEL Park,30,15,8,10,bachelor_friendly,DEMO_SEEDED,DEMO,False,True,Synthetic demo inventory; not a real rental observation.
DEMO-0139,RIVO-DEMO-0139,4 BHK Independent House in Thoraipakkam,"29 Lake Road, Thoraipakkam, Chennai",Thoraipakkam,Chennai,12.945653,80.242431,4,Independent House,33500,67000,2500,1520,4,0,2,Unfurnished,2W,True,Family/Bachelors,False,Borewell,Available Now,1494,2356,3431,1225,3085,Good,Good,Good,TIDEL Park,62,26,13,14,quiet_locality,DEMO_SEEDED,DEMO,False,True,Synthetic demo inventory; not a real rental observation.
DEMO-0140,RIVO-DEMO-0140,2 BHK Apartment in Velachery,"79 Lake View Road, Velachery, Chennai",Velachery,Chennai,12.971145,80.222227,2,Apartment,18500,148000,800,840,2,3,6,Fully Furnished,2W,True,Family,False,Metro + Bore,Available in 15 days,3485,3678,1518,3183,3138,Far,Far,Limited,TIDEL Park,40,15,8,10,transit_poor_but_affordable,DEMO_SEEDED,DEMO,False,True,Synthetic demo inventory; not a real rental observation.
DEMO-0141,RIVO-DEMO-0141,4 BHK Independent Floor in Tambaram,"81 Lake Road, Tambaram, Chennai",Tambaram,Chennai,12.930365,80.096603,4,Independent Floor,26000,156000,2500,1870,4,1,2,Unfurnished,Car,True,Bachelors,True,Metro + Bore,Available in 7 days,3956,3844,1686,199,463,Far,Far,Excellent,TIDEL Park,206,88,46,43,transit_rich_premium,DEMO_SEEDED,DEMO,False,True,Synthetic demo inventory; not a real rental observation.
DEMO-0142,RIVO-DEMO-0142,4 BHK Independent House in Chromepet,"12 Garden Avenue, Chromepet, Chennai",Chromepet,Chennai,12.947748,80.139102,4,Independent House,24500,147000,800,1750,4,0,4,Fully Furnished,2W+Car,False,Family/Bachelors,True,Metro + Bore,Available in 15 days,1647,364,1108,2208,2456,Good,Excellent,Limited,TIDEL Park,148,58,32,30,school_far_hospital_near,DEMO_SEEDED,DEMO,False,True,Synthetic demo inventory; not a real rental observation.
DEMO-0143,RIVO-DEMO-0143,2 BHK Independent House in Porur,"27 School Road, Porur, Chennai",Porur,Chennai,13.03872,80.164545,2,Independent House,19500,78000,800,790,2,4,8,Fully Furnished,Car,True,Family/Bachelors,True,Municipal,Available in 15 days,733,2961,2416,3169,6747,Excellent,Good,Limited,TIDEL Park,124,40,28,25,school_near_hospital_far,DEMO_SEEDED,DEMO,False,True,Synthetic demo inventory; not a real rental observation.
DEMO-0144,RIVO-DEMO-0144,3 BHK Independent House in Anna Nagar,"13 Lake Road, Anna Nagar, Chennai",Anna Nagar,Chennai,13.08773,80.20046,3,Independent House,24000,144000,2500,1390,3,9,9,Unfurnished,2W+Car,False,Bachelors,False,Metro + Bore,Available next month,3054,2370,550,2834,4463,Far,Good,Limited,TIDEL Park,148,49,36,31,all_facilities_far,DEMO_SEEDED,DEMO,False,True,Synthetic demo inventory; not a real rental observation.
DEMO-0145,RIVO-DEMO-0145,2 BHK Independent House in Guindy,"40 Canal View Street, Guindy, Chennai",Guindy,Chennai,13.000157,80.22495,2,Independent House,21000,126000,0,750,2,2,10,Fully Furnished,Car,True,Family/Bachelors,True,Borewell,Available next month,3253,3696,972,3360,5847,Far,Far,Limited,TIDEL Park,31,15,8,10,budget_far_school,DEMO_SEEDED,DEMO,False,True,Synthetic demo inventory; not a real rental observation.
DEMO-0146,RIVO-DEMO-0146,2 BHK Independent House in Adambakkam,"3 Tech Park Road, Adambakkam, Chennai",Adambakkam,Chennai,12.970183,80.211239,2,Independent House,12000,72000,800,980,2,10,10,Unfurnished,2W+Car,True,Bachelors,False,Bore + Metro,Available Now,819,2805,812,3053,2587,Excellent,Good,Limited,TIDEL Park,52,20,10,12,budget_near_school,DEMO_SEEDED,DEMO,False,True,Synthetic demo inventory; not a real rental observation.
DEMO-0147,RIVO-DEMO-0147,3 BHK Apartment in Medavakkam,"35 School Road, Medavakkam, Chennai",Medavakkam,Chennai,12.919132,80.199666,3,Apartment,15500,93000,2500,1470,3,0,3,Unfurnished,2W,False,Family/Bachelors,False,Borewell,Available next month,2211,2658,1838,380,728,Good,Good,Excellent,TIDEL Park,115,39,22,27,mid_near_transit,DEMO_SEEDED,DEMO,False,True,Synthetic demo inventory; not a real rental observation.
DEMO-0148,RIVO-DEMO-0148,1 BHK Independent House in Saidapet,"44 Lake View Road, Saidapet, Chennai",Saidapet,Chennai,13.031533,80.229056,1,Independent House,14500,58000,1500,460,1,3,6,Semi-Furnished,Car,True,Bachelors,True,Municipal,Available next month,2606,485,209,3672,3276,Far,Excellent,Limited,TIDEL Park,62,21,12,14,premium_near_everything,DEMO_SEEDED,DEMO,False,True,Synthetic demo inventory; not a real rental observation.
DEMO-0149,RIVO-DEMO-0149,3 BHK Apartment in Ambattur,"79 Station Road, Ambattur, Chennai",Ambattur,Chennai,13.121067,80.166539,3,Apartment,19500,97500,1200,1210,3,3,7,Fully Furnished,2W,True,Any,False,Borewell,Available in 15 days,1492,1313,1867,806,7663,Good,Good,Good,TIDEL Park,208,85,42,48,large_family_far_transit,DEMO_SEEDED,DEMO,False,True,Synthetic demo inventory; not a real rental observation.
DEMO-0150,RIVO-DEMO-0150,1 BHK Independent Floor in Nanganallur,"4 Greenfield Road, Nanganallur, Chennai",Nanganallur,Chennai,12.968465,80.194682,1,Independent Floor,12500,100000,2000,450,1,2,9,Semi-Furnished,2W,True,Any,True,Bore + Metro,Available in 15 days,4317,2664,2975,1421,3783,Far,Good,Good,TIDEL Park,72,23,14,16,compact_near_work,DEMO_SEEDED,DEMO,False,True,Synthetic demo inventory; not a real rental observation.
DEMO-0151,RIVO-DEMO-0151,2 BHK Independent Floor in Pallikaranai,"55 Lake Road, Pallikaranai, Chennai",Pallikaranai,Chennai,12.929679,80.21103,2,Independent Floor,14500,87000,2500,740,2,0,11,Unfurnished,2W,True,Any,False,Borewell,Available Now,2303,3207,1544,980,3444,Good,Far,Good,TIDEL Park,95,37,22,18,unfurnished_low_rent,DEMO_SEEDED,DEMO,False,True,Synthetic demo inventory; not a real rental observation.
DEMO-0152,RIVO-DEMO-0152,3 BHK Independent Floor in Sholinganallur,"4 School Road, Sholinganallur, Chennai",Sholinganallur,Chennai,12.890556,80.236124,3,Independent Floor,23500,47000,2500,1060,3,1,10,Fully Furnished,2W,True,Family/Bachelors,False,Borewell,Available next month,5051,5074,1892,3170,3364,Far,Far,Limited,TIDEL Park,138,46,29,28,furnished_high_rent,DEMO_SEEDED,DEMO,False,True,Synthetic demo inventory; not a real rental observation.
DEMO-0153,RIVO-DEMO-0153,2 BHK Independent House in Perungudi,"89 Station Road, Perungudi, Chennai",Perungudi,Chennai,12.972901,80.242486,2,Independent House,22000,176000,800,1050,2,3,7,Fully Furnished,2W,False,Any,False,Borewell,Available in 7 days,1328,2345,2413,3069,1566,Good,Good,Limited,TIDEL Park,24,15,8,10,independent_house,DEMO_SEEDED,DEMO,False,True,Synthetic demo inventory; not a real rental observation.
DEMO-0154,RIVO-DEMO-0154,2 BHK Independent Floor in Thoraipakkam,"11 Greenfield Road, Thoraipakkam, Chennai",Thoraipakkam,Chennai,12.954662,80.246366,2,Independent Floor,18000,90000,0,1010,2,11,12,Semi-Furnished,Car,True,Any,True,Metro + Bore,Available next month,4954,1921,2099,872,4284,Far,Good,Good,TIDEL Park,49,18,11,10,independent_floor,DEMO_SEEDED,DEMO,False,True,Synthetic demo inventory; not a real rental observation.
DEMO-0155,RIVO-DEMO-0155,2 BHK Apartment in Velachery,"83 Temple Street, Velachery, Chennai",Velachery,Chennai,12.970458,80.229485,2,Apartment,17500,140000,0,750,2,8,9,Unfurnished,2W,True,Family,False,Bore + Metro,Available in 15 days,2086,4608,2028,3485,2731,Good,Far,Limited,TIDEL Park,34,15,8,10,high_maintenance,DEMO_SEEDED,DEMO,False,True,Synthetic demo inventory; not a real rental observation.
DEMO-0156,RIVO-DEMO-0156,2 BHK Apartment in Tambaram,"42 Park Side Road, Tambaram, Chennai",Tambaram,Chennai,12.914197,80.099791,2,Apartment,13000,78000,1500,770,2,3,5,Fully Furnished,2W,False,Bachelors,False,Borewell,Available Now,4217,5076,2509,1570,1623,Far,Far,Limited,TIDEL Park,213,67,42,43,low_maintenance,DEMO_SEEDED,DEMO,False,True,Synthetic demo inventory; not a real rental observation.
DEMO-0157,RIVO-DEMO-0157,3 BHK Independent House in Chromepet,"34 Tech Park Road, Chromepet, Chennai",Chromepet,Chennai,12.949851,80.135685,3,Independent House,20500,41000,1200,1140,3,2,11,Fully Furnished,None,True,Family/Bachelors,False,Municipal,Available in 15 days,1731,1700,1938,1426,6140,Good,Good,Good,TIDEL Park,151,45,32,32,no_parking,DEMO_SEEDED,DEMO,False,True,Synthetic demo inventory; not a real rental observation.
DEMO-0158,RIVO-DEMO-0158,2 BHK Apartment in Porur,"81 Garden Avenue, Porur, Chennai",Porur,Chennai,13.030028,80.164057,2,Apartment,17000,68000,800,750,2,0,8,Semi-Furnished,2W,True,Family/Bachelors,True,Borewell,Available next month,1732,4151,1899,3493,4695,Good,Far,Limited,TIDEL Park,118,45,21,21,two_wheeler_parking,DEMO_SEEDED,DEMO,False,True,Synthetic demo inventory; not a real rental observation.
DEMO-0159,RIVO-DEMO-0159,3 BHK Apartment in Anna Nagar,"18 Temple Street, Anna Nagar, Chennai",Anna Nagar,Chennai,13.075485,80.209936,3,Apartment,32500,65000,0,1330,3,8,10,Semi-Furnished,2W,True,Any,False,Bore + Metro,Available next month,4208,4903,2901,1655,8053,Far,Far,Limited,TIDEL Park,127,52,32,29,car_parking,DEMO_SEEDED,DEMO,False,True,Synthetic demo inventory; not a real rental observation.
DEMO-0160,RIVO-DEMO-0160,4 BHK Independent House in Guindy,"20 School Road, Guindy, Chennai",Guindy,Chennai,13.003279,80.230249,4,Independent House,41000,123000,1500,1480,4,1,12,Semi-Furnished,2W,True,Bachelors,True,Metro + Bore,Available next month,3148,3819,2006,3583,6277,Far,Far,Limited,TIDEL Park,28,15,8,10,pet_friendly,DEMO_SEEDED,DEMO,False,True,Synthetic demo inventory; not a real rental observation.
DEMO-0161,RIVO-DEMO-0161,2 BHK Independent House in Adambakkam,"44 Garden Avenue, Adambakkam, Chennai",Adambakkam,Chennai,12.986279,80.190929,2,Independent House,17000,68000,1200,740,2,2,2,Fully Furnished,2W+Car,True,Family,False,Metro + Bore,Available next month,4049,3475,3401,2927,5318,Far,Far,Limited,TIDEL Park,70,22,15,17,family_only,DEMO_SEEDED,DEMO,False,True,Synthetic demo inventory; not a real rental observation.
DEMO-0162,RIVO-DEMO-0162,2 BHK Apartment in Medavakkam,"58 School Road, Medavakkam, Chennai",Medavakkam,Chennai,12.927495,80.188344,2,Apartment,14500,29000,1500,740,2,9,12,Fully Furnished,2W+Car,False,Family,False,Municipal,Available in 7 days,2486,5175,2654,3868,7523,Good,Far,Limited,TIDEL Park,114,42,22,27,bachelor_friendly,DEMO_SEEDED,DEMO,False,True,Synthetic demo inventory; not a real rental observation.
DEMO-0163,RIVO-DEMO-0163,5 BHK Independent Floor in Saidapet,"29 Park Side Road, Saidapet, Chennai",Saidapet,Chennai,13.012339,80.218246,5,Independent Floor,37000,111000,0,2360,5,4,11,Unfurnished,2W,False,Family/Bachelors,False,Municipal,Available Now,2289,4467,2536,1892,5138,Good,Far,Limited,TIDEL Park,47,17,10,10,quiet_locality,DEMO_SEEDED,DEMO,False,True,Synthetic demo inventory; not a real rental observation.
DEMO-0164,RIVO-DEMO-0164,1 BHK Apartment in Ambattur,"43 Lake View Road, Ambattur, Chennai",Ambattur,Chennai,13.106368,80.154822,1,Apartment,8000,48000,0,580,1,2,8,Semi-Furnished,2W,False,Any,False,Borewell,Available in 15 days,2951,2442,1991,965,8485,Far,Good,Good,TIDEL Park,199,83,40,39,transit_poor_but_affordable,DEMO_SEEDED,DEMO,False,True,Synthetic demo inventory; not a real rental observation.
DEMO-0165,RIVO-DEMO-0165,2 BHK Independent House in Nanganallur,"51 Market Street, Nanganallur, Chennai",Nanganallur,Chennai,12.983137,80.187704,2,Independent House,19000,57000,800,830,2,3,11,Semi-Furnished,2W+Car,False,Family/Bachelors,False,Bore + Metro,Available in 15 days,3415,5064,1906,630,417,Far,Far,Excellent,TIDEL Park,75,28,14,14,transit_rich_premium,DEMO_SEEDED,DEMO,False,True,Synthetic demo inventory; not a real rental observation.
DEMO-0166,RIVO-DEMO-0166,2 BHK Independent Floor in Pallikaranai,"90 Lake View Road, Pallikaranai, Chennai",Pallikaranai,Chennai,12.929745,80.219156,2,Independent Floor,12500,62500,800,890,2,0,4,Semi-Furnished,2W,True,Family/Bachelors,False,Borewell,Available in 15 days,4357,981,3406,1194,7385,Far,Excellent,Good,TIDEL Park,90,32,20,22,school_far_hospital_near,DEMO_SEEDED,DEMO,False,True,Synthetic demo inventory; not a real rental observation.
DEMO-0167,RIVO-DEMO-0167,5 BHK Independent Floor in Sholinganallur,"91 Station Road, Sholinganallur, Chennai",Sholinganallur,Chennai,12.905345,80.22102,5,Independent Floor,48000,384000,1500,2110,5,7,10,Fully Furnished,2W,False,Bachelors,True,Bore + Metro,Available Now,382,3703,2863,2945,7970,Excellent,Far,Limited,TIDEL Park,122,44,26,23,school_near_hospital_far,DEMO_SEEDED,DEMO,False,True,Synthetic demo inventory; not a real rental observation.
DEMO-0168,RIVO-DEMO-0168,2 BHK Independent Floor in Perungudi,"49 Canal View Street, Perungudi, Chennai",Perungudi,Chennai,12.962166,80.242002,2,Independent Floor,20000,60000,0,860,2,7,9,Fully Furnished,2W+Car,False,Family/Bachelors,True,Metro + Bore,Available in 15 days,1323,5276,2856,1742,6201,Good,Far,Limited,TIDEL Park,39,15,8,10,all_facilities_far,DEMO_SEEDED,DEMO,False,True,Synthetic demo inventory; not a real rental observation.
DEMO-0169,RIVO-DEMO-0169,2 BHK Independent House in Thoraipakkam,"17 Lake Road, Thoraipakkam, Chennai",Thoraipakkam,Chennai,12.938245,80.235727,2,Independent House,16000,48000,0,750,2,3,4,Unfurnished,2W,True,Bachelors,False,Borewell,Available in 7 days,2801,3447,1637,3358,2613,Far,Far,Limited,TIDEL Park,73,29,17,14,budget_far_school,DEMO_SEEDED,DEMO,False,True,Synthetic demo inventory; not a real rental observation.
DEMO-0170,RIVO-DEMO-0170,3 BHK Independent House in Velachery,"32 Tech Park Road, Velachery, Chennai",Velachery,Chennai,12.984384,80.22288,3,Independent House,32000,160000,2000,1170,3,10,11,Fully Furnished,Car,False,Any,False,Borewell,Available in 7 days,523,5811,2347,4151,2897,Excellent,Far,Limited,TIDEL Park,31,15,8,10,budget_near_school,DEMO_SEEDED,DEMO,False,True,Synthetic demo inventory; not a real rental observation.
DEMO-0171,RIVO-DEMO-0171,2 BHK Independent House in Tambaram,"22 Greenfield Road, Tambaram, Chennai",Tambaram,Chennai,12.924572,80.092723,2,Independent House,14500,58000,2000,780,2,1,12,Semi-Furnished,2W,True,Family,False,Borewell,Available in 15 days,4544,5412,2115,217,431,Far,Far,Excellent,TIDEL Park,214,68,51,40,mid_near_transit,DEMO_SEEDED,DEMO,False,True,Synthetic demo inventory; not a real rental observation.
DEMO-0172,RIVO-DEMO-0172,3 BHK Apartment in Chromepet,"38 Temple Street, Chromepet, Chennai",Chromepet,Chennai,12.951641,80.143388,3,Apartment,19500,156000,1200,1330,3,2,11,Semi-Furnished,2W,True,Bachelors,True,Borewell,Available Now,3652,828,265,2852,4080,Far,Excellent,Limited,TIDEL Park,141,56,26,30,premium_near_everything,DEMO_SEEDED,DEMO,False,True,Synthetic demo inventory; not a real rental observation.
DEMO-0173,RIVO-DEMO-0173,2 BHK Independent Floor in Porur,"61 Canal View Street, Porur, Chennai",Porur,Chennai,13.036947,80.145679,2,Independent Floor,15500,77500,800,990,1,8,10,Semi-Furnished,2W,False,Family,True,Municipal,Available Now,1442,2326,1932,828,4861,Good,Good,Good,TIDEL Park,143,58,32,28,large_family_far_transit,DEMO_SEEDED,DEMO,False,True,Synthetic demo inventory; not a real rental observation.
DEMO-0174,RIVO-DEMO-0174,3 BHK Apartment in Anna Nagar,"12 School Road, Anna Nagar, Chennai",Anna Nagar,Chennai,13.081804,80.208966,3,Apartment,34000,272000,1500,1370,3,2,7,Fully Furnished,Car,False,Any,False,Municipal,Available Now,4282,1435,1653,3625,6022,Far,Good,Limited,TIDEL Park,136,57,28,28,compact_near_work,DEMO_SEEDED,DEMO,False,True,Synthetic demo inventory; not a real rental observation.
DEMO-0175,RIVO-DEMO-0175,4 BHK Apartment in Guindy,"66 Station Road, Guindy, Chennai",Guindy,Chennai,12.997875,80.225435,4,Apartment,32000,96000,1200,1700,4,1,5,Unfurnished,2W,True,Any,False,Metro + Bore,Available in 7 days,4443,5922,1790,2014,6242,Far,Far,Limited,TIDEL Park,29,15,8,10,unfurnished_low_rent,DEMO_SEEDED,DEMO,False,True,Synthetic demo inventory; not a real rental observation.
DEMO-0176,RIVO-DEMO-0176,2 BHK Independent Floor in Adambakkam,"42 Garden Avenue, Adambakkam, Chennai",Adambakkam,Chennai,12.981129,80.197617,2,Independent Floor,19000,57000,2000,830,2,5,5,Fully Furnished,2W,True,Any,False,Municipal,Available in 7 days,2748,1758,2051,2777,5367,Far,Good,Limited,TIDEL Park,63,21,15,11,furnished_high_rent,DEMO_SEEDED,DEMO,False,True,Synthetic demo inventory; not a real rental observation.
DEMO-0177,RIVO-DEMO-0177,1 BHK Independent House in Medavakkam,"33 Park Side Road, Medavakkam, Chennai",Medavakkam,Chennai,12.920322,80.190796,1,Independent House,8500,34000,800,550,1,9,10,Semi-Furnished,Car,False,Any,False,Borewell,Available Now,4380,1958,1897,2077,3280,Far,Good,Limited,TIDEL Park,119,39,28,22,independent_house,DEMO_SEEDED,DEMO,False,True,Synthetic demo inventory; not a real rental observation.
DEMO-0178,RIVO-DEMO-0178,3 BHK Independent Floor in Saidapet,"10 Park Side Road, Saidapet, Chennai",Saidapet,Chennai,13.01278,80.216388,3,Independent Floor,32500,195000,0,1190,3,7,7,Fully Furnished,Car,True,Any,True,Metro + Bore,Available next month,3032,3651,2638,2685,8142,Far,Far,Limited,TIDEL Park,50,19,10,10,independent_floor,DEMO_SEEDED,DEMO,False,True,Synthetic demo inventory; not a real rental observation.
DEMO-0179,RIVO-DEMO-0179,2 BHK Independent House in Ambattur,"24 Lake View Road, Ambattur, Chennai",Ambattur,Chennai,13.111542,80.156996,2,Independent House,11500,57500,800,760,2,3,3,Unfurnished,Car,True,Family/Bachelors,False,Metro + Bore,Available in 15 days,5102,4739,1103,1691,6391,Far,Far,Limited,TIDEL Park,203,71,44,47,high_maintenance,DEMO_SEEDED,DEMO,False,True,Synthetic demo inventory; not a real rental observation.
DEMO-0180,RIVO-DEMO-0180,2 BHK Independent House in Nanganallur,"68 Greenfield Road, Nanganallur, Chennai",Nanganallur,Chennai,12.970022,80.173512,2,Independent House,17000,68000,2000,910,2,4,4,Semi-Furnished,2W,True,Family/Bachelors,False,Metro + Bore,Available in 15 days,3961,5602,967,3681,7155,Far,Far,Limited,TIDEL Park,96,36,21,21,low_maintenance,DEMO_SEEDED,DEMO,False,True,Synthetic demo inventory; not a real rental observation.
DEMO-0181,RIVO-DEMO-0181,4 BHK Independent Floor in Pallikaranai,"62 Canal View Street, Pallikaranai, Chennai",Pallikaranai,Chennai,12.93958,80.222148,4,Independent Floor,34500,276000,800,1840,4,6,9,Fully Furnished,None,True,Bachelors,True,Borewell,Available next month,4405,2117,1184,2099,7001,Far,Good,Limited,TIDEL Park,76,30,18,15,no_parking,DEMO_SEEDED,DEMO,False,True,Synthetic demo inventory; not a real rental observation.
DEMO-0182,RIVO-DEMO-0182,2 BHK Independent House in Sholinganallur,"58 Lake View Road, Sholinganallur, Chennai",Sholinganallur,Chennai,12.907917,80.222609,2,Independent House,14500,87000,2000,840,2,5,5,Unfurnished,2W,True,Family/Bachelors,False,Bore + Metro,Available in 15 days,2884,2651,2075,1268,6983,Far,Good,Good,TIDEL Park,118,37,28,21,two_wheeler_parking,DEMO_SEEDED,DEMO,False,True,Synthetic demo inventory; not a real rental observation.
DEMO-0183,RIVO-DEMO-0183,1 BHK Apartment in Perungudi,"38 Garden Avenue, Perungudi, Chennai",Perungudi,Chennai,12.96449,80.248519,1,Apartment,12000,24000,2500,600,1,1,11,Semi-Furnished,2W,True,Bachelors,False,Borewell,Available next month,4651,1239,2186,4007,5175,Far,Good,Limited,TIDEL Park,35,15,8,10,car_parking,DEMO_SEEDED,DEMO,False,True,Synthetic demo inventory; not a real rental observation.
DEMO-0184,RIVO-DEMO-0184,2 BHK Apartment in Thoraipakkam,"75 Tech Park Road, Thoraipakkam, Chennai",Thoraipakkam,Chennai,12.948594,80.232151,2,Apartment,18000,54000,2500,1010,2,2,7,Unfurnished,2W+Car,True,Bachelors,True,Municipal,Available in 15 days,3781,1398,1430,1679,7680,Far,Good,Limited,TIDEL Park,60,19,11,12,pet_friendly,DEMO_SEEDED,DEMO,False,True,Synthetic demo inventory; not a real rental observation.
DEMO-0185,RIVO-DEMO-0185,4 BHK Independent Floor in Velachery,"98 Temple Street, Velachery, Chennai",Velachery,Chennai,12.990852,80.222026,4,Independent Floor,42000,252000,1200,1790,3,0,8,Fully Furnished,Car,True,Family,False,Metro + Bore,Available Now,2532,5952,1078,2594,6327,Far,Far,Limited,TIDEL Park,31,15,8,10,family_only,DEMO_SEEDED,DEMO,False,True,Synthetic demo inventory; not a real rental observation.
DEMO-0186,RIVO-DEMO-0186,2 BHK Independent House in Tambaram,"59 Market Street, Tambaram, Chennai",Tambaram,Chennai,12.920473,80.103078,2,Independent House,13000,65000,2000,820,2,7,8,Fully Furnished,2W,False,Family,False,Metro + Bore,Available next month,3911,5321,2116,957,5574,Far,Far,Good,TIDEL Park,205,72,49,40,bachelor_friendly,DEMO_SEEDED,DEMO,False,True,Synthetic demo inventory; not a real rental observation.
DEMO-0187,RIVO-DEMO-0187,2 BHK Independent House in Chromepet,"61 Lake View Road, Chromepet, Chennai",Chromepet,Chennai,12.950316,80.152187,2,Independent House,12000,48000,2000,1020,2,2,8,Unfurnished,Car,True,Bachelors,False,Municipal,Available in 15 days,4036,3673,3464,2069,7355,Far,Far,Limited,TIDEL Park,131,54,31,23,quiet_locality,DEMO_SEEDED,DEMO,False,True,Synthetic demo inventory; not a real rental observation.
DEMO-0188,RIVO-DEMO-0188,4 BHK Apartment in Porur,"40 Main Road, Porur, Chennai",Porur,Chennai,13.044745,80.164245,4,Apartment,28000,168000,800,1930,4,5,7,Semi-Furnished,2W,False,Any,False,Borewell,Available in 15 days,2605,3003,546,1415,5017,Far,Far,Good,TIDEL Park,129,46,28,28,transit_poor_but_affordable,DEMO_SEEDED,DEMO,False,True,Synthetic demo inventory; not a real rental observation.
DEMO-0189,RIVO-DEMO-0189,3 BHK Independent House in Anna Nagar,"34 Canal View Street, Anna Nagar, Chennai",Anna Nagar,Chennai,13.08932,80.207996,3,Independent House,30500,61000,1200,1140,3,5,6,Unfurnished,2W,True,Bachelors,False,Metro + Bore,Available in 7 days,2277,3764,577,596,713,Good,Far,Excellent,TIDEL Park,146,51,36,26,transit_rich_premium,DEMO_SEEDED,DEMO,False,True,Synthetic demo inventory; not a real rental observation.
DEMO-0190,RIVO-DEMO-0190,4 BHK Apartment in Guindy,"36 Tech Park Road, Guindy, Chennai",Guindy,Chennai,13.001456,80.226158,4,Apartment,42500,255000,2000,1400,3,2,4,Semi-Furnished,2W,False,Bachelors,False,Municipal,Available next month,3027,459,2599,1245,1650,Far,Excellent,Good,TIDEL Park,30,15,8,10,school_far_hospital_near,DEMO_SEEDED,DEMO,False,True,Synthetic demo inventory; not a real rental observation.
DEMO-0191,RIVO-DEMO-0191,2 BHK Independent Floor in Adambakkam,"55 Park Side Road, Adambakkam, Chennai",Adambakkam,Chennai,12.982664,80.190968,2,Independent Floor,15000,45000,0,970,2,2,6,Semi-Furnished,Car,True,Family,True,Borewell,Available in 15 days,785,5293,2955,764,1447,Excellent,Far,Good,TIDEL Park,71,23,17,16,school_near_hospital_far,DEMO_SEEDED,DEMO,False,True,Synthetic demo inventory; not a real rental observation.
DEMO-0192,RIVO-DEMO-0192,3 BHK Independent House in Medavakkam,"39 Tech Park Road, Medavakkam, Chennai",Medavakkam,Chennai,12.924819,80.195603,3,Independent House,15500,62000,2500,1240,3,2,10,Semi-Furnished,2W,True,Bachelors,False,Bore + Metro,Available in 7 days,2071,5806,2809,1862,1528,Good,Far,Limited,TIDEL Park,111,44,27,22,all_facilities_far,DEMO_SEEDED,DEMO,False,True,Synthetic demo inventory; not a real rental observation.
DEMO-0193,RIVO-DEMO-0193,3 BHK Independent Floor in Saidapet,"42 Main Road, Saidapet, Chennai",Saidapet,Chennai,13.011913,80.229896,3,Independent Floor,21000,42000,1200,1310,3,2,5,Semi-Furnished,2W,True,Bachelors,False,Municipal,Available in 7 days,4236,4166,2517,2769,7217,Far,Far,Limited,TIDEL Park,37,15,9,10,budget_far_school,DEMO_SEEDED,DEMO,False,True,Synthetic demo inventory; not a real rental observation.
DEMO-0194,RIVO-DEMO-0194,1 BHK Independent House in Ambattur,"25 Station Road, Ambattur, Chennai",Ambattur,Chennai,13.125293,80.147891,1,Independent House,8500,25500,800,450,1,2,7,Semi-Furnished,2W,False,Family,True,Borewell,Available in 15 days,773,5551,1857,1508,6870,Excellent,Far,Limited,TIDEL Park,225,71,44,52,budget_near_school,DEMO_SEEDED,DEMO,False,True,Synthetic demo inventory; not a real rental observation.
DEMO-0195,RIVO-DEMO-0195,5 BHK Independent Floor in Nanganallur,"46 Station Road, Nanganallur, Chennai",Nanganallur,Chennai,12.96826,80.190618,5,Independent Floor,31500,126000,1500,1990,5,9,10,Unfurnished,Car,True,Any,False,Bore + Metro,Available next month,3275,4300,811,249,678,Far,Far,Excellent,TIDEL Park,77,33,16,13,mid_near_transit,DEMO_SEEDED,DEMO,False,True,Synthetic demo inventory; not a real rental observation.
DEMO-0196,RIVO-DEMO-0196,2 BHK Apartment in Pallikaranai,"43 School Road, Pallikaranai, Chennai",Pallikaranai,Chennai,12.927161,80.203057,2,Apartment,15500,77500,2500,990,2,4,12,Semi-Furnished,Car,True,Family,True,Borewell,Available in 15 days,3998,635,337,1974,8026,Far,Excellent,Limited,TIDEL Park,103,38,21,22,premium_near_everything,DEMO_SEEDED,DEMO,False,True,Synthetic demo inventory; not a real rental observation.
DEMO-0197,RIVO-DEMO-0197,2 BHK Independent House in Sholinganallur,"2 Station Road, Sholinganallur, Chennai",Sholinganallur,Chennai,12.896597,80.235792,2,Independent House,14500,43500,2000,850,2,4,10,Unfurnished,2W,False,Bachelors,True,Borewell,Available Now,3930,5459,2823,2265,5903,Far,Far,Limited,TIDEL Park,130,56,28,32,large_family_far_transit,DEMO_SEEDED,DEMO,False,True,Synthetic demo inventory; not a real rental observation.
DEMO-0198,RIVO-DEMO-0198,2 BHK Independent House in Perungudi,"86 Canal View Street, Perungudi, Chennai",Perungudi,Chennai,12.964697,80.255581,2,Independent House,20000,120000,800,1040,2,8,12,Fully Furnished,Car,False,Bachelors,False,Borewell,Available next month,1421,1416,2616,3190,4872,Good,Good,Limited,TIDEL Park,37,15,9,10,compact_near_work,DEMO_SEEDED,DEMO,False,True,Synthetic demo inventory; not a real rental observation.
DEMO-0199,RIVO-DEMO-0199,3 BHK Apartment in Thoraipakkam,"70 Lake Road, Thoraipakkam, Chennai",Thoraipakkam,Chennai,12.932752,80.247949,3,Apartment,21000,105000,2500,1250,3,0,2,Unfurnished,2W,True,Family/Bachelors,False,Metro + Bore,Available Now,2375,5652,2767,1550,8348,Good,Far,Limited,TIDEL Park,79,27,16,14,unfurnished_low_rent,DEMO_SEEDED,DEMO,False,True,Synthetic demo inventory; not a real rental observation.
DEMO-0200,RIVO-DEMO-0200,4 BHK Independent House in Velachery,"73 Market Street, Velachery, Chennai",Velachery,Chennai,12.984191,80.215628,4,Independent House,40500,81000,2500,1510,4,8,12,Fully Furnished,2W+Car,False,Any,True,Bore + Metro,Available next month,4994,4863,1260,3956,8161,Far,Far,Limited,TIDEL Park,40,15,8,10,furnished_high_rent,DEMO_SEEDED,DEMO,False,True,Synthetic demo inventory; not a real rental observation.
DEMO-0201,RIVO-DEMO-0201,1 BHK Independent House in Tambaram,"28 Tech Park Road, Tambaram, Chennai",Tambaram,Chennai,12.932364,80.101044,1,Independent House,11000,55000,2000,500,1,5,5,Fully Furnished,2W,False,Family/Bachelors,False,Municipal,Available in 15 days,5151,1207,1814,734,6165,Far,Good,Good,TIDEL Park,200,79,50,45,independent_house,DEMO_SEEDED,DEMO,False,True,Synthetic demo inventory; not a real rental observation.
DEMO-0202,RIVO-DEMO-0202,1 BHK Independent Floor in Chromepet,"55 Temple Street, Chromepet, Chennai",Chromepet,Chennai,12.947956,80.13808,1,Independent Floor,8000,32000,1500,480,1,6,8,Unfurnished,Car,True,Family/Bachelors,False,Borewell,Available in 15 days,2095,1776,2759,3114,6073,Good,Good,Limited,TIDEL Park,149,45,35,29,independent_floor,DEMO_SEEDED,DEMO,False,True,Synthetic demo inventory; not a real rental observation.
DEMO-0203,RIVO-DEMO-0203,4 BHK Independent Floor in Porur,"51 Main Road, Porur, Chennai",Porur,Chennai,13.043439,80.157284,4,Independent Floor,32000,160000,0,1530,4,1,2,Semi-Furnished,Car,True,Bachelors,False,Borewell,Available next month,1315,3532,3242,1192,8211,Good,Far,Good,TIDEL Park,135,41,34,25,high_maintenance,DEMO_SEEDED,DEMO,False,True,Synthetic demo inventory; not a real rental observation.
DEMO-0204,RIVO-DEMO-0204,2 BHK Independent Floor in Anna Nagar,"16 School Road, Anna Nagar, Chennai",Anna Nagar,Chennai,13.087188,80.210534,2,Independent Floor,19500,117000,1500,760,2,5,12,Unfurnished,2W+Car,True,Bachelors,False,Metro + Bore,Available next month,4150,5551,3290,3296,7997,Far,Far,Limited,TIDEL Park,142,61,31,28,low_maintenance,DEMO_SEEDED,DEMO,False,True,Synthetic demo inventory; not a real rental observation.
DEMO-0205,RIVO-DEMO-0205,2 BHK Independent Floor in Guindy,"81 Garden Avenue, Guindy, Chennai",Guindy,Chennai,12.998409,80.212932,2,Independent Floor,19000,95000,2000,790,2,4,12,Semi-Furnished,None,True,Family/Bachelors,False,Municipal,Available in 7 days,1842,2652,910,947,4332,Good,Good,Good,TIDEL Park,44,18,11,10,no_parking,DEMO_SEEDED,DEMO,False,True,Synthetic demo inventory; not a real rental observation.
DEMO-0206,RIVO-DEMO-0206,5 BHK Independent House in Adambakkam,"22 Park Side Road, Adambakkam, Chennai",Adambakkam,Chennai,12.98841,80.203392,5,Independent House,37000,111000,0,1900,5,5,5,Semi-Furnished,2W,False,Family,False,Borewell,Available in 7 days,2768,5119,2173,1771,5153,Far,Far,Limited,TIDEL Park,54,21,10,14,two_wheeler_parking,DEMO_SEEDED,DEMO,False,True,Synthetic demo inventory; not a real rental observation.
DEMO-0207,RIVO-DEMO-0207,2 BHK Independent Floor in Medavakkam,"49 Tech Park Road, Medavakkam, Chennai",Medavakkam,Chennai,12.906684,80.182743,2,Independent Floor,13500,54000,800,990,2,6,12,Unfurnished,2W,False,Family,False,Metro + Bore,Available next month,2367,5353,2651,1060,7256,Good,Far,Good,TIDEL Park,141,58,35,31,car_parking,DEMO_SEEDED,DEMO,False,True,Synthetic demo inventory; not a real rental observation.
DEMO-0208,RIVO-DEMO-0208,2 BHK Independent Floor in Saidapet,"26 Garden Avenue, Saidapet, Chennai",Saidapet,Chennai,13.011429,80.216884,2,Independent Floor,18000,144000,1500,890,2,2,8,Semi-Furnished,2W,False,Bachelors,True,Bore + Metro,Available in 7 days,4636,5225,3075,1552,3501,Far,Far,Limited,TIDEL Park,48,16,10,10,pet_friendly,DEMO_SEEDED,DEMO,False,True,Synthetic demo inventory; not a real rental observation.
DEMO-0209,RIVO-DEMO-0209,3 BHK Apartment in Ambattur,"85 Station Road, Ambattur, Chennai",Ambattur,Chennai,13.106729,80.158347,3,Apartment,14500,116000,2500,1100,3,0,12,Semi-Furnished,Car,True,Family,False,Metro + Bore,Available in 7 days,1898,2699,1015,2730,5568,Good,Good,Limited,TIDEL Park,197,72,39,37,family_only,DEMO_SEEDED,DEMO,False,True,Synthetic demo inventory; not a real rental observation.
DEMO-0210,RIVO-DEMO-0210,2 BHK Apartment in Nanganallur,"5 Tech Park Road, Nanganallur, Chennai",Nanganallur,Chennai,12.979833,80.184835,2,Apartment,17500,87500,2500,870,2,4,9,Fully Furnished,2W,True,Family/Bachelors,False,Borewell,Available in 7 days,2776,4697,500,1338,7197,Far,Far,Good,TIDEL Park,79,33,16,19,bachelor_friendly,DEMO_SEEDED,DEMO,False,True,Synthetic demo inventory; not a real rental observation.
DEMO-0211,RIVO-DEMO-0211,2 BHK Independent House in Pallikaranai,"38 Market Street, Pallikaranai, Chennai",Pallikaranai,Chennai,12.942729,80.209297,2,Independent House,18000,144000,2500,980,2,5,8,Fully Furnished,Car,False,Family,False,Metro + Bore,Available in 15 days,5150,1509,2639,3037,5570,Far,Good,Limited,TIDEL Park,81,31,17,17,quiet_locality,DEMO_SEEDED,DEMO,False,True,Synthetic demo inventory; not a real rental observation.
DEMO-0212,RIVO-DEMO-0212,2 BHK Independent Floor in Sholinganallur,"37 Main Road, Sholinganallur, Chennai",Sholinganallur,Chennai,12.89393,80.221476,2,Independent Floor,14000,56000,2500,1030,2,2,7,Unfurnished,Car,True,Family,False,Borewell,Available in 15 days,2354,2434,855,2592,2725,Good,Good,Limited,TIDEL Park,137,49,31,34,transit_poor_but_affordable,DEMO_SEEDED,DEMO,False,True,Synthetic demo inventory; not a real rental observation.
DEMO-0213,RIVO-DEMO-0213,3 BHK Apartment in Perungudi,"69 Station Road, Perungudi, Chennai",Perungudi,Chennai,12.963455,80.245538,3,Apartment,35500,177500,1200,1450,3,0,7,Semi-Furnished,2W+Car,False,Family,False,Municipal,Available in 7 days,2197,5482,1042,163,650,Good,Far,Excellent,TIDEL Park,37,15,8,10,transit_rich_premium,DEMO_SEEDED,DEMO,False,True,Synthetic demo inventory; not a real rental observation.
DEMO-0214,RIVO-DEMO-0214,2 BHK Independent Floor in Thoraipakkam,"48 Market Street, Thoraipakkam, Chennai",Thoraipakkam,Chennai,12.931545,80.235166,2,Independent Floor,15000,45000,0,800,2,2,4,Unfurnished,2W,False,Bachelors,False,Municipal,Available next month,4134,390,1649,1415,8293,Far,Excellent,Good,TIDEL Park,82,26,20,16,school_far_hospital_near,DEMO_SEEDED,DEMO,False,True,Synthetic demo inventory; not a real rental observation.
DEMO-0215,RIVO-DEMO-0215,2 BHK Independent House in Velachery,"20 School Road, Velachery, Chennai",Velachery,Chennai,12.981135,80.226983,2,Independent House,17500,52500,1200,830,2,0,5,Semi-Furnished,Car,False,Any,False,Borewell,Available Now,755,4236,1712,4060,5336,Excellent,Far,Limited,TIDEL Park,27,15,8,10,school_near_hospital_far,DEMO_SEEDED,DEMO,False,True,Synthetic demo inventory; not a real rental observation.
DEMO-0216,RIVO-DEMO-0216,4 BHK Apartment in Tambaram,"32 Greenfield Road, Tambaram, Chennai",Tambaram,Chennai,12.930424,80.111351,4,Apartment,23000,69000,800,1720,4,3,4,Fully Furnished,Car,True,Family,False,Municipal,Available in 7 days,2332,2454,3129,3099,7080,Good,Good,Limited,TIDEL Park,190,73,36,45,all_facilities_far,DEMO_SEEDED,DEMO,False,True,Synthetic demo inventory; not a real rental observation.
DEMO-0217,RIVO-DEMO-0217,1 BHK Apartment in Chromepet,"43 Temple Street, Chromepet, Chennai",Chromepet,Chennai,12.963504,80.14646,1,Apartment,8500,25500,2000,640,1,0,9,Semi-Furnished,Car,False,Family,True,Metro + Bore,Available in 15 days,2103,1374,2228,2952,4401,Good,Good,Limited,TIDEL Park,132,51,26,26,budget_far_school,DEMO_SEEDED,DEMO,False,True,Synthetic demo inventory; not a real rental observation.
DEMO-0218,RIVO-DEMO-0218,2 BHK Independent Floor in Porur,"31 Garden Avenue, Porur, Chennai",Porur,Chennai,13.032304,80.156004,2,Independent Floor,16000,48000,2000,750,2,1,8,Fully Furnished,2W,True,Any,True,Metro + Bore,Available in 15 days,701,3636,1329,2372,2597,Excellent,Far,Limited,TIDEL Park,129,45,24,24,budget_near_school,DEMO_SEEDED,DEMO,False,True,Synthetic demo inventory; not a real rental observation.
DEMO-0219,RIVO-DEMO-0219,1 BHK Apartment in Anna Nagar,"89 Main Road, Anna Nagar, Chennai",Anna Nagar,Chennai,13.082374,80.204266,1,Apartment,17000,85000,2000,460,1,2,7,Semi-Furnished,2W,True,Any,True,Bore + Metro,Available in 7 days,2010,3937,1701,317,453,Good,Far,Excellent,TIDEL Park,139,44,33,33,mid_near_transit,DEMO_SEEDED,DEMO,False,True,Synthetic demo inventory; not a real rental observation.
DEMO-0220,RIVO-DEMO-0220,2 BHK Apartment in Guindy,"28 Station Road, Guindy, Chennai",Guindy,Chennai,12.998392,80.232326,2,Apartment,21500,129000,2500,990,2,1,8,Unfurnished,Car,True,Bachelors,True,Metro + Bore,Available Now,1297,982,264,1134,3030,Good,Excellent,Good,TIDEL Park,21,15,8,10,premium_near_everything,DEMO_SEEDED,DEMO,False,True,Synthetic demo inventory; not a real rental observation.
DEMO-0221,RIVO-DEMO-0221,2 BHK Independent House in Adambakkam,"98 Station Road, Adambakkam, Chennai",Adambakkam,Chennai,12.986146,80.194859,2,Independent House,16000,64000,1500,1030,2,1,5,Semi-Furnished,2W,False,Bachelors,False,Municipal,Available in 7 days,2953,5962,816,3999,6587,Far,Far,Limited,TIDEL Park,65,23,13,13,large_family_far_transit,DEMO_SEEDED,DEMO,False,True,Synthetic demo inventory; not a real rental observation.
DEMO-0222,RIVO-DEMO-0222,3 BHK Independent Floor in Medavakkam,"7 Market Street, Medavakkam, Chennai",Medavakkam,Chennai,12.92368,80.201117,3,Independent Floor,19000,114000,1500,1400,3,3,8,Unfurnished,2W+Car,True,Any,True,Borewell,Available in 15 days,4883,2917,1427,721,7326,Far,Good,Good,TIDEL Park,108,43,23,26,compact_near_work,DEMO_SEEDED,DEMO,False,True,Synthetic demo inventory; not a real rental observation.
DEMO-0223,RIVO-DEMO-0223,2 BHK Apartment in Saidapet,"83 Main Road, Saidapet, Chennai",Saidapet,Chennai,13.020281,80.21182,2,Apartment,17500,70000,800,910,2,2,8,Unfurnished,2W,True,Family/Bachelors,False,Metro + Bore,Available in 7 days,1424,2089,1308,3202,5435,Good,Good,Limited,TIDEL Park,61,20,14,13,unfurnished_low_rent,DEMO_SEEDED,DEMO,False,True,Synthetic demo inventory; not a real rental observation.
DEMO-0224,RIVO-DEMO-0224,2 BHK Apartment in Ambattur,"43 School Road, Ambattur, Chennai",Ambattur,Chennai,13.104371,80.149722,2,Apartment,12500,50000,2000,950,2,1,9,Fully Furnished,2W+Car,False,Family/Bachelors,False,Metro + Bore,Available in 15 days,2702,5289,1509,1857,3516,Far,Far,Limited,TIDEL Park,200,77,43,46,furnished_high_rent,DEMO_SEEDED,DEMO,False,True,Synthetic demo inventory; not a real rental observation.
DEMO-0225,RIVO-DEMO-0225,3 BHK Independent House in Nanganallur,"59 Tech Park Road, Nanganallur, Chennai",Nanganallur,Chennai,12.980908,80.196907,3,Independent House,21500,43000,0,1450,3,0,7,Unfurnished,Car,False,Any,True,Bore + Metro,Available next month,2928,3337,1111,1910,5135,Far,Far,Limited,TIDEL Park,64,25,14,14,independent_house,DEMO_SEEDED,DEMO,False,True,Synthetic demo inventory; not a real rental observation.
DEMO-0226,RIVO-DEMO-0226,3 BHK Independent Floor in Pallikaranai,"27 Lake View Road, Pallikaranai, Chennai",Pallikaranai,Chennai,12.926589,80.212074,3,Independent Floor,26000,130000,2000,1460,3,5,7,Fully Furnished,2W,False,Family/Bachelors,True,Municipal,Available Now,4632,2431,3126,1098,5415,Far,Good,Good,TIDEL Park,98,36,20,19,independent_floor,DEMO_SEEDED,DEMO,False,True,Synthetic demo inventory; not a real rental observation.
DEMO-0227,RIVO-DEMO-0227,2 BHK Apartment in Sholinganallur,"13 Temple Street, Sholinganallur, Chennai",Sholinganallur,Chennai,12.899138,80.227301,2,Apartment,14000,84000,800,1050,2,2,8,Semi-Furnished,Car,True,Any,False,Bore + Metro,Available next month,2540,3434,781,2103,2016,Far,Far,Limited,TIDEL Park,128,55,25,23,high_maintenance,DEMO_SEEDED,DEMO,False,True,Synthetic demo inventory; not a real rental observation.
DEMO-0228,RIVO-DEMO-0228,3 BHK Independent House in Perungudi,"98 Main Road, Perungudi, Chennai",Perungudi,Chennai,12.965361,80.250531,3,Independent House,26000,130000,2000,1140,3,0,2,Semi-Furnished,2W+Car,True,Any,True,Bore + Metro,Available next month,1342,1559,1620,2479,3684,Good,Good,Limited,TIDEL Park,34,15,8,10,low_maintenance,DEMO_SEEDED,DEMO,False,True,Synthetic demo inventory; not a real rental observation.
DEMO-0229,RIVO-DEMO-0229,3 BHK Apartment in Thoraipakkam,"94 Main Road, Thoraipakkam, Chennai",Thoraipakkam,Chennai,12.951281,80.232282,3,Apartment,23000,69000,2000,1430,3,2,2,Unfurnished,None,True,Family/Bachelors,False,Bore + Metro,Available in 15 days,1519,2274,3285,1421,7736,Good,Good,Good,TIDEL Park,57,24,14,12,no_parking,DEMO_SEEDED,DEMO,False,True,Synthetic demo inventory; not a real rental observation.
DEMO-0230,RIVO-DEMO-0230,3 BHK Independent House in Velachery,"87 School Road, Velachery, Chennai",Velachery,Chennai,12.992606,80.207167,3,Independent House,30000,180000,2500,1330,3,3,3,Fully Furnished,2W,False,Bachelors,False,Metro + Bore,Available in 7 days,3971,4797,3106,1306,4304,Far,Far,Good,TIDEL Park,50,15,12,11,two_wheeler_parking,DEMO_SEEDED,DEMO,False,True,Synthetic demo inventory; not a real rental observation.
DEMO-0231,RIVO-DEMO-0231,5 BHK Independent Floor in Tambaram,"5 Garden Avenue, Tambaram, Chennai",Tambaram,Chennai,12.933251,80.106541,5,Independent Floor,31000,124000,800,2470,5,4,4,Unfurnished,2W,True,Family/Bachelors,True,Metro + Bore,Available Now,3057,2199,616,1218,5008,Far,Good,Good,TIDEL Park,193,70,47,47,car_parking,DEMO_SEEDED,DEMO,False,True,Synthetic demo inventory; not a real rental observation.
DEMO-0232,RIVO-DEMO-0232,2 BHK Apartment in Chromepet,"29 Station Road, Chromepet, Chennai",Chromepet,Chennai,12.960023,80.146287,2,Apartment,12000,72000,1500,830,2,1,8,Semi-Furnished,2W,True,Any,True,Bore + Metro,Available next month,3843,5092,2566,988,1550,Far,Far,Good,TIDEL Park,133,48,30,24,pet_friendly,DEMO_SEEDED,DEMO,False,True,Synthetic demo inventory; not a real rental observation.
DEMO-0233,RIVO-DEMO-0233,3 BHK Independent Floor in Porur,"61 Main Road, Porur, Chennai",Porur,Chennai,13.028115,80.151547,3,Independent Floor,29500,118000,1500,1130,3,5,5,Fully Furnished,Car,False,Family,False,Bore + Metro,Available in 15 days,2474,2761,1519,3599,7620,Good,Good,Limited,TIDEL Park,131,44,29,32,family_only,DEMO_SEEDED,DEMO,False,True,Synthetic demo inventory; not a real rental observation.
DEMO-0234,RIVO-DEMO-0234,3 BHK Independent House in Anna Nagar,"19 Greenfield Road, Anna Nagar, Chennai",Anna Nagar,Chennai,13.076218,80.209754,3,Independent House,38000,76000,800,1450,3,6,10,Fully Furnished,2W,True,Any,False,Metro + Bore,Available Now,1865,2368,796,4080,2335,Good,Good,Limited,TIDEL Park,128,41,23,27,bachelor_friendly,DEMO_SEEDED,DEMO,False,True,Synthetic demo inventory; not a real rental observation.
DEMO-0235,RIVO-DEMO-0235,3 BHK Apartment in Guindy,"31 Park Side Road, Guindy, Chennai",Guindy,Chennai,12.998627,80.217227,3,Apartment,29000,87000,1500,1140,3,11,11,Semi-Furnished,2W+Car,False,Bachelors,False,Bore + Metro,Available next month,1783,4619,1119,1880,2986,Good,Far,Limited,TIDEL Park,39,16,8,10,quiet_locality,DEMO_SEEDED,DEMO,False,True,Synthetic demo inventory; not a real rental observation.
DEMO-0236,RIVO-DEMO-0236,2 BHK Apartment in Adambakkam,"59 Canal View Street, Adambakkam, Chennai",Adambakkam,Chennai,12.983907,80.210146,2,Apartment,12000,60000,1500,1060,2,4,6,Semi-Furnished,2W+Car,True,Any,True,Municipal,Available in 15 days,2385,1566,917,4130,1648,Good,Good,Limited,TIDEL Park,47,19,11,10,transit_poor_but_affordable,DEMO_SEEDED,DEMO,False,True,Synthetic demo inventory; not a real rental observation.
DEMO-0237,RIVO-DEMO-0237,3 BHK Independent Floor in Medavakkam,"64 Tech Park Road, Medavakkam, Chennai",Medavakkam,Chennai,12.922982,80.185781,3,Independent Floor,25000,200000,1200,1030,3,1,6,Semi-Furnished,Car,False,Family/Bachelors,True,Borewell,Available Now,2031,1549,2561,404,406,Good,Good,Excellent,TIDEL Park,120,45,27,28,transit_rich_premium,DEMO_SEEDED,DEMO,False,True,Synthetic demo inventory; not a real rental observation.
DEMO-0238,RIVO-DEMO-0238,3 BHK Independent Floor in Saidapet,"16 Canal View Street, Saidapet, Chennai",Saidapet,Chennai,13.019151,80.233091,3,Independent Floor,24000,48000,1500,1140,3,2,3,Unfurnished,2W+Car,False,Any,False,Borewell,Available in 15 days,2730,464,515,3140,5041,Far,Excellent,Limited,TIDEL Park,44,15,9,10,school_far_hospital_near,DEMO_SEEDED,DEMO,False,True,Synthetic demo inventory; not a real rental observation.
DEMO-0239,RIVO-DEMO-0239,3 BHK Independent House in Ambattur,"244 Lake View Road, Ambattur, Chennai",Ambattur,Chennai,13.103291,80.15147,3,Independent House,15500,77500,800,1150,3,0,12,Unfurnished,2W,True,Bachelors,False,Borewell,Available in 7 days,346,1665,1680,1129,2276,Excellent,Good,Good,TIDEL Park,198,85,45,41,school_near_hospital_far,DEMO_SEEDED,DEMO,False,True,Synthetic demo inventory; not a real rental observation.
DEMO-0240,RIVO-DEMO-0240,2 BHK Independent House in Nanganallur,"15 Temple Street, Nanganallur, Chennai",Nanganallur,Chennai,12.969739,80.179696,2,Independent House,14500,43500,2500,790,2,3,5,Semi-Furnished,2W+Car,False,Family,True,Municipal,Available in 7 days,4345,2406,2679,4070,3529,Far,Good,Limited,TIDEL Park,89,29,16,21,all_facilities_far,DEMO_SEEDED,DEMO,False,True,Synthetic demo inventory; not a real rental observation.
